2026-05-16T06:58:12.195Z - GET /admission
2026-05-16T06:58:12.401Z - GET /images/Untitled-2.png
2026-05-16T06:58:12.404Z - GET /images/CAC03244.JPG
2026-05-16T06:58:16.291Z - GET /admin
2026-05-16T06:58:16.685Z - GET /images/Untitled-2.png
2026-05-16T07:12:12.033Z - GET /admin
2026-05-16T07:12:12.271Z - GET /images/Untitled-2.png
2026-05-16T07:12:47.366Z - GET /admin/users
2026-05-16T07:12:47.549Z - GET /images/Untitled-2.png
2026-05-16T07:12:53.531Z - GET /admin/users
2026-05-16T07:12:53.618Z - GET /images/Untitled-2.png
2026-05-16T07:12:55.051Z - GET /admin/reading-corner
2026-05-16T07:12:55.149Z - GET /images/Untitled-2.png
2026-05-16T07:13:08.069Z - GET /admin/users
2026-05-16T07:13:08.136Z - GET /images/Untitled-2.png
2026-05-16T07:13:15.939Z - GET /admin
2026-05-16T07:13:16.010Z - GET /images/Untitled-2.png
2026-05-16T07:17:09.070Z - GET /admin
2026-05-16T07:17:09.457Z - GET /images/Untitled-2.png
2026-05-16T07:17:24.107Z - GET /
2026-05-16T07:17:24.229Z - GET /images/Untitled-2.png
2026-05-16T07:17:24.232Z - GET /images/CAC03949.jpg
2026-05-16T07:17:24.298Z - GET /images/abodut-Image.jpg
2026-05-16T07:17:35.423Z - GET /admin
2026-05-16T07:17:35.491Z - GET /images/Untitled-2.png
2026-05-16T07:19:24.408Z - GET /admin
2026-05-16T07:19:24.671Z - GET /images/Untitled-2.png
2026-05-16T07:19:28.769Z - GET /admin
2026-05-16T07:19:28.825Z - GET /images/Untitled-2.png
2026-05-16T07:20:02.153Z - GET /admin
2026-05-16T07:20:02.199Z - GET /images/Untitled-2.png
2026-05-16T07:20:04.841Z - GET /admin
2026-05-16T07:20:04.878Z - GET /images/Untitled-2.png
2026-05-16T07:20:05.945Z - GET /admin
2026-05-16T07:20:05.980Z - GET /images/Untitled-2.png
2026-05-16T07:20:23.189Z - GET /admin
2026-05-16T07:20:23.236Z - GET /images/Untitled-2.png
2026-05-16T07:20:26.052Z - GET /admin
2026-05-16T07:20:26.084Z - GET /images/Untitled-2.png
2026-05-16T07:20:30.119Z - GET /admin
2026-05-16T07:20:30.161Z - GET /images/Untitled-2.png
2026-05-16T07:22:38.430Z - GET /admin
2026-05-16T07:22:38.479Z - GET /images/Untitled-2.png
2026-05-16T07:23:43.102Z - GET /admin
2026-05-16T07:23:43.144Z - GET /images/Untitled-2.png
2026-05-16T07:25:10.359Z - GET /admin
2026-05-16T07:25:10.427Z - GET /images/Untitled-2.png
2026-05-16T07:25:11.086Z - GET /favicon.ico
2026-05-16T07:25:38.861Z - GET /admin
2026-05-16T07:25:39.046Z - GET /images/Untitled-2.png
2026-05-16T07:25:42.363Z - GET /admin
2026-05-16T07:25:42.462Z - GET /images/Untitled-2.png
2026-05-16T07:26:39.922Z - GET /admin
2026-05-16T07:26:39.973Z - GET /images/Untitled-2.png
2026-05-16T07:26:41.949Z - GET /admin
2026-05-16T07:26:42.003Z - GET /images/Untitled-2.png
2026-05-16T07:26:48.637Z - GET /admin
2026-05-16T07:26:48.696Z - GET /images/Untitled-2.png
2026-05-16T07:31:05.321Z - GET /admin
2026-05-16T07:31:05.438Z - GET /images/Untitled-2.png
2026-05-16T07:31:06.932Z - GET /admin
2026-05-16T07:31:07.002Z - GET /images/Untitled-2.png
2026-05-16T08:35:42.649Z - GET /admin
2026-05-16T08:35:43.005Z - GET /images/Untitled-2.png
2026-05-16T08:36:04.186Z - GET /admin/users
2026-05-16T08:36:04.240Z - GET /images/Untitled-2.png
2026-05-16T08:37:02.608Z - GET /admin/users
2026-05-16T08:37:02.655Z - GET /images/Untitled-2.png
2026-05-16T08:37:07.291Z - GET /admin
2026-05-16T08:37:07.337Z - GET /images/Untitled-2.png
2026-05-16T08:37:19.288Z - GET /admin
2026-05-16T08:37:19.338Z - GET /images/Untitled-2.png
2026-05-16T08:37:21.842Z - GET /admin
2026-05-16T08:37:21.885Z - GET /images/Untitled-2.png
2026-05-16T08:37:23.057Z - GET /admin
2026-05-16T08:37:23.104Z - GET /images/Untitled-2.png
2026-05-16T08:37:24.530Z - GET /admin/users
2026-05-16T08:37:24.589Z - GET /images/Untitled-2.png
2026-05-16T08:37:46.125Z - GET /admin/users
2026-05-16T08:37:46.165Z - GET /images/Untitled-2.png
2026-05-16T08:37:47.686Z - GET /admin/users
2026-05-16T08:37:47.734Z - GET /images/Untitled-2.png
2026-05-16T08:37:49.197Z - GET /admin/users
2026-05-16T08:37:49.235Z - GET /images/Untitled-2.png
2026-05-16T08:37:52.032Z - GET /admin
2026-05-16T08:37:52.256Z - GET /images/Untitled-2.png
2026-05-16T08:37:53.995Z - GET /admin/users
2026-05-16T08:37:54.041Z - GET /images/Untitled-2.png
2026-05-16T08:39:52.837Z - GET /admin/users
2026-05-16T08:39:52.906Z - GET /images/Untitled-2.png
2026-05-16T08:40:23.997Z - GET /
2026-05-16T08:40:24.323Z - GET /images/Untitled-2.png
2026-05-16T08:40:24.325Z - GET /images/CAC03949.jpg
2026-05-16T08:40:24.377Z - GET /images/abodut-Image.jpg
2026-05-16T08:40:29.169Z - GET /admin
2026-05-16T08:40:29.382Z - GET /images/Untitled-2.png
2026-05-16T08:40:42.367Z - GET /admin/users
2026-05-16T08:40:42.415Z - GET /images/Untitled-2.png
2026-05-16T08:40:48.962Z - GET /admin/users
2026-05-16T08:40:49.008Z - GET /images/Untitled-2.png
2026-05-16T08:40:51.431Z - GET /admin/users
2026-05-16T08:40:51.486Z - GET /images/Untitled-2.png
2026-05-16T08:40:53.616Z - GET /admin
2026-05-16T08:40:53.678Z - GET /images/Untitled-2.png
2026-05-16T08:41:24.621Z - GET /admin/reading-corner
2026-05-16T08:41:24.688Z - GET /images/Untitled-2.png
2026-05-16T08:41:38.921Z - GET /admin/reading-corner
2026-05-16T08:41:38.990Z - GET /images/Untitled-2.png
2026-05-16T08:44:52.927Z - GET /admin
2026-05-16T08:44:53.097Z - GET /images/Untitled-2.png
2026-05-16T08:44:59.866Z - GET /admin/reading-corner
2026-05-16T08:44:59.938Z - GET /images/Untitled-2.png
2026-05-16T08:45:03.580Z - GET /admin/users
2026-05-16T08:45:03.645Z - GET /images/Untitled-2.png
2026-05-16T08:45:32.611Z - GET /admin
2026-05-16T08:45:32.670Z - GET /images/Untitled-2.png
2026-05-16T08:48:38.951Z - GET /admin
2026-05-16T08:48:39.032Z - GET /images/Untitled-2.png
2026-05-16T08:48:40.561Z - GET /admin
2026-05-16T08:48:40.613Z - GET /images/Untitled-2.png
2026-05-16T08:50:46.507Z - GET /admin
2026-05-16T08:50:46.567Z - GET /images/Untitled-2.png
2026-05-16T08:50:50.272Z - GET /admin/enrollments
2026-05-16T08:51:02.658Z - GET /admin/reading-corner
2026-05-16T08:51:02.797Z - GET /images/Untitled-2.png
2026-05-16T08:51:04.937Z - GET /admin/users
2026-05-16T08:51:05.020Z - GET /images/Untitled-2.png
2026-05-16T08:55:12.278Z - GET /admin/users
2026-05-16T08:55:12.693Z - GET /images/Untitled-2.png
2026-05-16T08:55:15.287Z - GET /admin
2026-05-16T08:55:15.460Z - GET /images/Untitled-2.png
2026-05-16T08:55:19.838Z - GET /admin
2026-05-16T08:55:19.912Z - GET /images/Untitled-2.png
2026-05-16T08:55:27.107Z - GET /admin/users
2026-05-16T08:55:27.165Z - GET /images/Untitled-2.png
2026-05-16T08:55:29.283Z - GET /admin/users
2026-05-16T08:55:29.333Z - GET /images/Untitled-2.png
2026-05-16T08:55:50.559Z - GET /admin/users
2026-05-16T08:55:50.617Z - GET /images/Untitled-2.png
2026-05-16T08:55:57.349Z - GET /admin
2026-05-16T08:55:57.408Z - GET /images/Untitled-2.png
2026-05-16T08:57:29.341Z - GET /admin
2026-05-16T08:57:29.393Z - GET /images/Untitled-2.png
2026-05-16T08:59:28.944Z - GET /admin
2026-05-16T08:59:28.995Z - GET /images/Untitled-2.png
2026-05-16T09:01:01.941Z - GET /admin
2026-05-16T09:01:02.025Z - GET /images/Untitled-2.png
2026-05-16T09:01:12.604Z - GET /admin
2026-05-16T09:01:12.668Z - GET /images/Untitled-2.png
2026-05-16T09:01:17.440Z - GET /.well-known/appspecific/com.chrome.devtools.json
2026-05-16T09:04:21.822Z - GET /.well-known/appspecific/com.chrome.devtools.json
2026-05-16T09:05:57.448Z - GET /admin
2026-05-16T09:05:57.640Z - GET /.well-known/appspecific/com.chrome.devtools.json
2026-05-16T09:05:57.644Z - GET /images/Untitled-2.png
2026-05-16T09:06:00.614Z - GET /admin
2026-05-16T09:06:00.672Z - GET /images/Untitled-2.png
2026-05-16T09:07:36.743Z - GET /admin/reading-corner
2026-05-16T09:07:36.820Z - GET /images/Untitled-2.png
2026-05-16T09:08:11.863Z - GET /admin/reading-corner
2026-05-16T09:08:11.921Z - GET /images/Untitled-2.png
2026-05-16T09:08:14.968Z - GET /admin
2026-05-16T09:08:15.053Z - GET /images/Untitled-2.png
2026-05-16T09:08:45.155Z - GET /admin/users
2026-05-16T09:08:45.215Z - GET /images/Untitled-2.png
2026-05-16T09:10:02.248Z - GET /admin/users
2026-05-16T09:10:02.284Z - GET /images/Untitled-2.png
2026-05-16T09:10:13.015Z - GET /.well-known/appspecific/com.chrome.devtools.json
2026-05-16T10:31:10.568Z - GET /admin/users
2026-05-16T10:31:10.855Z - GET /images/Untitled-2.png
2026-05-16T10:31:13.065Z - GET /admin/users
2026-05-16T10:31:13.135Z - GET /images/Untitled-2.png
2026-05-16T10:31:15.030Z - GET /admin/reading-corner
2026-05-16T10:31:15.097Z - GET /images/Untitled-2.png
2026-05-16T10:32:24.416Z - POST /admin/reading-corner/add
2026-05-16T10:32:24.533Z - GET /admin/reading-corner
2026-05-16T10:32:24.595Z - GET /images/Untitled-2.png
2026-05-16T10:32:31.500Z - GET /
2026-05-16T10:32:31.848Z - GET /images/Untitled-2.png
2026-05-16T10:32:31.852Z - GET /images/CAC03949.jpg
2026-05-16T10:32:31.937Z - GET /images/abodut-Image.jpg
2026-05-16T10:33:38.617Z - GET /admin
2026-05-16T10:33:38.786Z - GET /images/Untitled-2.png
2026-05-16T10:34:02.684Z - GET /.well-known/appspecific/com.chrome.devtools.json
2026-05-16T10:35:55.094Z - GET /admin
2026-05-16T10:35:55.134Z - GET /images/Untitled-2.png
2026-05-16T10:36:36.942Z - GET /.well-known/appspecific/com.chrome.devtools.json
2026-05-16T10:39:18.764Z - GET /admin
2026-05-16T10:39:18.837Z - GET /images/Untitled-2.png
2026-05-16T10:39:23.386Z - GET /
2026-05-16T10:39:23.560Z - GET /images/Untitled-2.png
2026-05-16T10:39:23.561Z - GET /images/CAC03949.jpg
2026-05-16T10:39:23.607Z - GET /images/abodut-Image.jpg
2026-05-16T10:40:03.343Z - GET /
2026-05-16T10:40:03.403Z - GET /images/Untitled-2.png
2026-05-16T10:40:03.406Z - GET /images/CAC03949.jpg
2026-05-16T10:40:03.428Z - GET /images/abodut-Image.jpg
2026-05-16T10:40:06.960Z - GET /admin
2026-05-16T10:40:06.999Z - GET /images/Untitled-2.png
2026-05-16T10:41:25.666Z - GET /admin
2026-05-16T10:41:25.729Z - GET /images/Untitled-2.png
2026-05-16T10:42:23.110Z - GET /.well-known/appspecific/com.chrome.devtools.json
2026-05-16T10:46:38.060Z - GET /admin
2026-05-16T10:46:38.235Z - GET /images/Untitled-2.png
2026-05-16T10:47:48.985Z - GET /admin
2026-05-16T10:47:49.038Z - GET /images/Untitled-2.png
2026-05-16T10:51:43.817Z - GET /admin
2026-05-16T10:51:43.911Z - GET /images/Untitled-2.png
2026-05-16T10:55:55.444Z - GET /admin
2026-05-16T10:55:55.516Z - GET /images/Untitled-2.png
2026-05-16T11:18:48.324Z - GET /admin
2026-05-16T11:18:48.828Z - GET /images/Untitled-2.png
2026-05-16T11:19:02.783Z - GET /.well-known/appspecific/com.chrome.devtools.json
2026-05-16T11:19:37.760Z - GET /fest
2026-05-16T11:19:45.966Z - GET /student
2026-05-16T11:19:46.408Z - GET /images/Untitled-2.png
2026-05-16T11:19:55.076Z - GET /.well-known/appspecific/com.chrome.devtools.json
2026-05-16T11:29:36.453Z - GET /student
2026-05-16T11:29:36.634Z - GET /images/Untitled-2.png
2026-05-16T11:29:41.248Z - GET /student
2026-05-16T11:29:41.283Z - GET /images/Untitled-2.png
2026-05-16T11:29:45.780Z - GET /admin
2026-05-16T11:29:46.211Z - GET /images/Untitled-2.png
2026-05-16T11:30:11.883Z - GET /admin/users
2026-05-16T11:30:11.960Z - GET /images/Untitled-2.png
2026-05-16T11:30:20.415Z - GET /.well-known/appspecific/com.chrome.devtools.json
2026-05-16T11:31:07.867Z - GET /admin
2026-05-16T11:31:07.977Z - GET /images/Untitled-2.png
2026-05-16T11:40:00.967Z - GET /admin
2026-05-16T11:40:01.509Z - GET /images/Untitled-2.png
2026-05-16T11:42:28.826Z - GET /admin/users
2026-05-16T11:42:28.892Z - GET /images/Untitled-2.png
2026-05-16T11:42:32.418Z - GET /admin/users
2026-05-16T11:42:32.468Z - GET /images/Untitled-2.png
2026-05-16T11:42:33.963Z - GET /admin
2026-05-16T11:42:34.011Z - GET /images/Untitled-2.png
2026-05-16T11:42:47.343Z - GET /
2026-05-16T11:42:47.502Z - GET /images/Untitled-2.png
2026-05-16T11:42:47.504Z - GET /images/CAC03949.jpg
2026-05-16T11:42:47.553Z - GET /images/abodut-Image.jpg
2026-05-16T11:43:04.197Z - GET /donate
2026-05-16T11:43:04.283Z - GET /images/Untitled-2.png
2026-05-16T11:43:10.616Z - GET /admission
2026-05-16T11:43:10.681Z - GET /images/Untitled-2.png
2026-05-16T11:43:10.691Z - GET /images/CAC03244.JPG
2026-05-16T11:43:29.303Z - GET /admin
2026-05-16T11:43:29.612Z - GET /images/Untitled-2.png
2026-05-16T11:43:37.863Z - GET /admin/enrollments
2026-05-16T11:44:27.956Z - GET /
2026-05-16T11:44:28.138Z - GET /images/Untitled-2.png
2026-05-16T11:44:28.140Z - GET /images/CAC03949.jpg
2026-05-16T11:44:28.183Z - GET /images/abodut-Image.jpg
2026-05-16T11:44:37.358Z - POST /contact
2026-05-16T11:44:37.405Z - GET /?success=message_sent
2026-05-16T11:44:37.469Z - GET /images/Untitled-2.png
2026-05-16T11:44:37.478Z - GET /images/CAC03949.jpg
2026-05-16T11:44:37.493Z - GET /images/abodut-Image.jpg
2026-05-16T11:44:44.180Z - GET /admin
2026-05-16T11:44:44.476Z - GET /images/Untitled-2.png
2026-05-16T11:44:48.120Z - GET /admin/messages
2026-05-16T11:44:48.215Z - GET /images/Untitled-2.png
2026-05-16T11:45:06.861Z - GET /admin
2026-05-16T11:45:06.916Z - GET /images/Untitled-2.png
2026-05-16T11:45:08.394Z - GET /admin/enrollments
2026-05-16T11:45:10.561Z - GET /admin/messages
2026-05-16T11:45:10.612Z - GET /images/Untitled-2.png
2026-05-16T11:48:19.227Z - GET /admin
2026-05-16T11:48:19.503Z - GET /images/Untitled-2.png
2026-05-16T11:48:21.363Z - GET /admin/reading-corner
2026-05-16T11:48:21.456Z - GET /images/Untitled-2.png
2026-05-16T11:48:46.204Z - GET /admin/reading-corner
2026-05-16T11:48:46.258Z - GET /images/Untitled-2.png
2026-05-16T11:49:58.319Z - GET /admin
2026-05-16T11:49:58.372Z - GET /images/Untitled-2.png
2026-05-16T11:50:00.333Z - GET /admin/reading-corner
2026-05-16T11:50:00.378Z - GET /images/Untitled-2.png
2026-05-16T11:50:06.390Z - GET /admin
2026-05-16T11:50:06.443Z - GET /images/Untitled-2.png
2026-05-16T11:54:32.548Z - GET /admin
2026-05-16T11:54:33.689Z - GET /images/Untitled-2.png
2026-05-16T11:59:46.307Z - GET /admin
2026-05-16T11:59:47.117Z - GET /images/Untitled-2.png
2026-05-16T12:06:54.297Z - GET /admin
2026-05-16T12:06:54.429Z - GET /images/Untitled-2.png
2026-05-16T12:06:59.025Z - GET /admin/reading-corner
2026-05-16T12:06:59.182Z - GET /images/Untitled-2.png
2026-05-16T12:07:41.328Z - GET /admin
2026-05-16T12:07:41.475Z - GET /images/Untitled-2.png
2026-05-16T12:11:40.099Z - GET /admin
2026-05-16T12:11:40.654Z - GET /images/Untitled-2.png
2026-05-16T12:13:46.472Z - GET /admin
2026-05-16T12:13:47.117Z - GET /images/Untitled-2.png
2026-05-16T12:13:53.775Z - GET /admin/reading-corner
2026-05-16T12:13:53.914Z - GET /images/Untitled-2.png
2026-05-16T12:14:23.599Z - GET /admin
2026-05-16T12:14:23.746Z - GET /images/Untitled-2.png
2026-05-16T12:22:40.165Z - GET /admin
2026-05-16T12:22:40.685Z - GET /images/Untitled-2.png
2026-05-16T12:23:26.472Z - GET /admin/reading-corner
2026-05-16T12:23:26.668Z - GET /images/Untitled-2.png
2026-05-16T12:23:33.970Z - GET /admin
2026-05-16T12:23:34.099Z - GET /images/Untitled-2.png
2026-05-16T12:24:19.580Z - GET /admin/enrollments
2026-05-16T12:24:23.470Z - GET /admin/messages
2026-05-16T12:24:23.556Z - GET /images/Untitled-2.png
2026-05-16T12:24:32.225Z - GET /admin/reading-corner
2026-05-16T12:24:32.361Z - GET /images/Untitled-2.png
2026-05-16T12:24:45.271Z - GET /admin
2026-05-16T12:24:45.353Z - GET /images/Untitled-2.png
2026-05-16T12:25:56.713Z - GET /admin
2026-05-16T12:25:56.789Z - GET /images/Untitled-2.png
2026-05-16T12:25:59.183Z - GET /admin/reading-corner
2026-05-16T12:25:59.297Z - GET /images/Untitled-2.png
2026-05-16T12:26:04.753Z - GET /admin
2026-05-16T12:26:04.924Z - GET /images/Untitled-2.png
2026-05-16T12:30:11.941Z - GET /admin
2026-05-16T12:30:12.398Z - GET /images/Untitled-2.png
2026-05-16T12:30:16.868Z - GET /admin/reading-corner
2026-05-16T12:30:16.995Z - GET /images/Untitled-2.png
2026-05-16T12:30:25.119Z - GET /admin
2026-05-16T12:30:25.209Z - GET /images/Untitled-2.png
2026-05-16T12:30:30.470Z - GET /admin
2026-05-16T12:30:30.565Z - GET /images/Untitled-2.png
2026-05-16T12:34:16.577Z - GET /admin
2026-05-16T12:34:16.759Z - GET /images/Untitled-2.png
2026-05-16T12:34:49.439Z - GET /admin
2026-05-16T12:34:49.595Z - GET /images/Untitled-2.png
2026-05-16T12:38:04.141Z - GET /admin
2026-05-16T12:38:04.619Z - GET /images/Untitled-2.png
2026-05-16T12:41:14.007Z - GET /admin
2026-05-16T12:41:14.424Z - GET /images/Untitled-2.png
2026-05-16T12:41:17.310Z - GET /admin
2026-05-16T12:41:17.533Z - GET /images/Untitled-2.png
2026-05-16T12:43:18.926Z - GET /admin
2026-05-16T12:43:19.403Z - GET /images/Untitled-2.png
2026-05-16T12:45:16.802Z - GET /admin
2026-05-16T12:45:16.885Z - GET /images/Untitled-2.png
2026-05-16T12:46:51.045Z - GET /admin
2026-05-16T12:46:51.165Z - GET /images/Untitled-2.png
2026-05-16T12:47:03.174Z - GET /admin/messages
2026-05-16T12:47:03.296Z - GET /images/Untitled-2.png
2026-05-16T12:49:12.601Z - GET /admin
2026-05-16T12:49:12.741Z - GET /images/Untitled-2.png
2026-05-16T12:49:16.554Z - GET /admin/reading-corner
2026-05-16T12:49:16.760Z - GET /images/Untitled-2.png
2026-05-16T12:49:25.925Z - GET /admin
2026-05-16T12:49:26.027Z - GET /images/Untitled-2.png
2026-05-16T12:49:35.092Z - GET /admin/reading-corner
2026-05-16T12:49:35.154Z - GET /images/Untitled-2.png
2026-05-16T12:49:37.784Z - GET /admin
2026-05-16T12:49:37.860Z - GET /images/Untitled-2.png
2026-05-16T12:50:27.848Z - GET /admin
2026-05-16T12:50:27.935Z - GET /images/Untitled-2.png
2026-05-16T12:53:02.856Z - GET /admin
2026-05-16T12:53:03.272Z - GET /images/Untitled-2.png
2026-05-16T12:54:57.303Z - GET /admin
2026-05-16T12:54:57.414Z - GET /images/Untitled-2.png
2026-05-16T12:57:26.585Z - GET /admin
2026-05-16T12:57:26.703Z - GET /images/Untitled-2.png
2026-05-16T12:58:19.595Z - GET /admin
2026-05-16T12:58:19.687Z - GET /images/Untitled-2.png
2026-05-16T12:58:22.428Z - GET /admin
2026-05-16T12:58:22.517Z - GET /images/Untitled-2.png
2026-05-16T12:58:24.602Z - GET /admin
2026-05-16T12:58:24.698Z - GET /images/Untitled-2.png
2026-05-16T12:58:56.142Z - GET /admin
2026-05-16T12:58:56.237Z - GET /images/Untitled-2.png
2026-05-16T12:59:14.031Z - GET /admin
2026-05-16T12:59:14.136Z - GET /images/Untitled-2.png
2026-05-16T12:59:17.276Z - GET /admin/reading-corner
2026-05-16T12:59:17.454Z - GET /images/Untitled-2.png
2026-05-16T12:59:26.674Z - GET /admin
2026-05-16T12:59:26.781Z - GET /images/Untitled-2.png
2026-05-16T12:59:31.150Z - GET /admin/reading-corner
2026-05-16T12:59:31.236Z - GET /images/Untitled-2.png
2026-05-16T12:59:53.535Z - POST /admin/reading-corner/add
2026-05-16T12:59:53.588Z - GET /admin/reading-corner
2026-05-16T12:59:53.701Z - GET /images/Untitled-2.png
2026-05-16T12:59:57.911Z - GET /admin
2026-05-16T12:59:57.995Z - GET /images/Untitled-2.png
2026-05-16T13:00:01.060Z - GET /admin
2026-05-16T13:00:01.141Z - GET /images/Untitled-2.png
2026-05-16T13:00:04.241Z - GET /admin
2026-05-16T13:00:04.307Z - GET /images/Untitled-2.png
2026-05-16T13:00:07.679Z - GET /admin/reading-corner
2026-05-16T13:00:07.806Z - GET /images/Untitled-2.png
2026-05-16T13:00:24.808Z - GET /
2026-05-16T13:00:24.933Z - GET /images/Untitled-2.png
2026-05-16T13:00:24.936Z - GET /images/CAC03949.jpg
2026-05-16T13:00:25.046Z - GET /images/abodut-Image.jpg
2026-05-16T13:00:34.954Z - POST /contact
2026-05-16T13:00:34.976Z - GET /?success=message_sent
2026-05-16T13:00:35.091Z - GET /images/Untitled-2.png
2026-05-16T13:00:35.098Z - GET /images/CAC03949.jpg
2026-05-16T13:00:35.125Z - GET /images/abodut-Image.jpg
2026-05-16T13:00:39.570Z - GET /admin
2026-05-16T13:00:39.657Z - GET /images/Untitled-2.png
2026-05-16T13:01:40.610Z - GET /admin
2026-05-16T13:01:40.739Z - GET /images/Untitled-2.png
2026-05-16T13:02:01.061Z - GET /admin
2026-05-16T13:02:01.155Z - GET /images/Untitled-2.png
2026-05-16T13:02:04.846Z - GET /admin
2026-05-16T13:02:04.928Z - GET /images/Untitled-2.png
2026-05-16T13:02:25.322Z - GET /admin
2026-05-16T13:02:25.518Z - GET /images/Untitled-2.png
2026-05-16T13:02:27.872Z - GET /admin
2026-05-16T13:02:27.968Z - GET /images/Untitled-2.png
2026-05-16T13:02:30.511Z - GET /admin
2026-05-16T13:02:30.614Z - GET /images/Untitled-2.png
2026-05-16T13:02:37.846Z - GET /admin
2026-05-16T13:02:37.929Z - GET /images/Untitled-2.png
2026-05-16T13:02:42.525Z - GET /admin/reading-corner
2026-05-16T13:02:42.710Z - GET /images/Untitled-2.png
2026-05-16T13:02:45.337Z - GET /admin
2026-05-16T13:02:45.496Z - GET /images/Untitled-2.png
2026-05-16T13:03:34.196Z - GET /admin
2026-05-16T13:03:34.281Z - GET /images/Untitled-2.png
2026-05-16T16:08:39.795Z - GET /
2026-05-16T16:08:40.220Z - GET /images/Untitled-2.png
2026-05-16T16:08:40.229Z - GET /images/CAC03949.jpg
2026-05-16T16:08:40.321Z - GET /images/abodut-Image.jpg
2026-05-16T16:08:42.264Z - GET /favicon.ico
2026-05-16T16:09:18.646Z - GET /donate
2026-05-16T16:09:18.724Z - GET /images/Untitled-2.png
2026-05-16T16:09:29.777Z - GET /admission
2026-05-16T16:09:29.860Z - GET /images/Untitled-2.png
2026-05-16T16:09:29.876Z - GET /images/CAC03244.JPG
2026-05-16T16:09:54.155Z - GET /admin
2026-05-16T16:09:54.561Z - GET /images/Untitled-2.png
2026-05-16T16:10:02.805Z - GET /
2026-05-16T16:10:02.917Z - GET /images/CAC03949.jpg
2026-05-16T16:10:02.919Z - GET /images/Untitled-2.png
2026-05-16T16:10:02.949Z - GET /images/abodut-Image.jpg
2026-05-16T16:10:03.148Z - GET /
2026-05-16T16:10:03.264Z - GET /images/Untitled-2.png
2026-05-16T16:10:03.266Z - GET /images/CAC03949.jpg
2026-05-16T16:10:03.306Z - GET /images/abodut-Image.jpg
2026-05-16T16:10:05.162Z - GET /favicon.ico
2026-05-16T16:10:05.647Z - GET /admin/enrollments
2026-05-16T16:10:09.056Z - GET /admin/messages
2026-05-16T16:10:09.176Z - GET /images/Untitled-2.png
2026-05-16T16:10:13.710Z - GET /admission
2026-05-16T16:10:13.938Z - GET /images/Untitled-2.png
2026-05-16T16:10:13.964Z - GET /images/CAC03244.JPG
2026-05-16T16:10:23.004Z - GET /admin/reading-corner
2026-05-16T16:10:23.207Z - GET /images/Untitled-2.png
2026-05-16T16:10:35.565Z - GET /donate
2026-05-16T16:10:35.763Z - GET /images/Untitled-2.png
2026-05-16T16:10:43.573Z - GET /reading-corner
2026-05-16T16:10:43.664Z - GET /images/Untitled-2.png
2026-05-16T16:10:48.284Z - GET /
2026-05-16T16:10:48.436Z - GET /images/Untitled-2.png
2026-05-16T16:10:48.441Z - GET /images/CAC03949.jpg
2026-05-16T16:10:48.603Z - GET /images/abodut-Image.jpg
2026-05-16T16:10:50.402Z - GET /
2026-05-16T16:10:50.850Z - GET /images/Untitled-2.png
2026-05-16T16:10:50.884Z - GET /images/CAC03949.jpg
2026-05-16T16:10:50.916Z - GET /images/abodut-Image.jpg
2026-05-16T16:10:56.240Z - GET /reading-corner
2026-05-16T16:10:56.369Z - GET /images/Untitled-2.png
2026-05-16T16:10:58.900Z - GET /admission
2026-05-16T16:10:59.080Z - GET /images/Untitled-2.png
2026-05-16T16:10:59.092Z - GET /images/CAC03244.JPG
2026-05-16T16:11:13.120Z - GET /reading-corner
2026-05-16T16:11:13.290Z - GET /images/Untitled-2.png
2026-05-16T16:11:21.248Z - GET /admission
2026-05-16T16:11:21.367Z - GET /images/Untitled-2.png
2026-05-16T16:11:21.379Z - GET /images/CAC03244.JPG
2026-05-16T16:11:27.594Z - GET /
2026-05-16T16:11:27.686Z - GET /images/Untitled-2.png
2026-05-16T16:11:27.699Z - GET /images/CAC03949.jpg
2026-05-16T16:11:27.718Z - GET /images/abodut-Image.jpg
2026-05-16T16:14:56.655Z - GET /admission
2026-05-16T16:14:56.781Z - GET /images/Untitled-2.png
2026-05-16T16:14:56.785Z - GET /images/CAC03244.JPG
2026-05-16T16:17:40.305Z - GET /admission
2026-05-16T16:17:40.374Z - GET /images/Untitled-2.png
2026-05-16T16:17:40.376Z - GET /images/CAC03244.JPG
2026-05-16T16:19:13.038Z - GET /admission
2026-05-16T16:19:13.150Z - GET /images/Untitled-2.png
2026-05-16T16:19:13.153Z - GET /images/CAC03244.JPG
2026-05-16T16:19:13.240Z - GET /images/admission-poster.png
2026-05-16T16:21:26.690Z - GET /admission
2026-05-16T16:21:26.750Z - GET /images/Untitled-2.png
2026-05-16T16:21:26.752Z - GET /images/CAC03244.JPG
2026-05-16T16:21:26.799Z - GET /public/images/admission-poster.png
2026-05-16T16:21:52.724Z - GET /admission
2026-05-16T16:21:52.779Z - GET /images/Untitled-2.png
2026-05-16T16:21:52.781Z - GET /images/CAC03244.JPG
2026-05-16T16:21:52.807Z - GET /images/admission-poster.png
2026-05-16T16:22:24.310Z - GET /admission
2026-05-16T16:22:24.363Z - GET /images/Untitled-2.png
2026-05-16T16:22:24.374Z - GET /images/CAC03244.JPG
2026-05-16T16:22:24.407Z - GET /images/admition-3.jpg
2026-05-16T16:22:39.468Z - GET /images/admission-poster.png
2026-05-16T16:22:44.035Z - GET /images/admission-poster.png
2026-05-16T16:23:18.351Z - GET /admission
2026-05-16T16:23:18.422Z - GET /images/Untitled-2.png
2026-05-16T16:23:18.430Z - GET /images/CAC03244.JPG
2026-05-16T16:23:18.454Z - GET /images/admition-3.jpg
2026-05-16T16:23:25.792Z - GET /images/admition-3.jpg
2026-05-16T16:24:22.279Z - GET /admission
2026-05-16T16:24:22.339Z - GET /images/Untitled-2.png
2026-05-16T16:24:22.344Z - GET /images/CAC03244.JPG
2026-05-16T16:24:22.370Z - GET /images/admition-3.jpg
2026-05-16T16:24:31.487Z - GET /images/admition-3.jpg
2026-05-16T16:25:12.652Z - GET /
2026-05-16T16:25:12.883Z - GET /images/Untitled-2.png
2026-05-16T16:25:12.896Z - GET /images/CAC03949.jpg
2026-05-16T16:25:12.969Z - GET /images/abodut-Image.jpg
2026-05-16T16:25:27.999Z - GET /admission
2026-05-16T16:25:28.125Z - GET /images/Untitled-2.png
2026-05-16T16:25:28.146Z - GET /images/CAC03244.JPG
2026-05-16T16:25:28.168Z - GET /images/admition-3.jpg
2026-05-16T16:25:56.423Z - GET /admission
2026-05-16T16:25:56.542Z - GET /images/Untitled-2.png
2026-05-16T16:25:56.567Z - GET /images/CAC03244.JPG
2026-05-16T16:25:56.628Z - GET /images/admition-3.jpg
2026-05-16T16:26:47.519Z - GET /login
2026-05-16T16:26:47.566Z - GET /
2026-05-16T16:26:47.666Z - GET /images/Untitled-2.png
2026-05-16T16:26:47.669Z - GET /images/CAC03949.jpg
2026-05-16T16:26:47.787Z - GET /images/abodut-Image.jpg
2026-05-16T16:27:40.116Z - GET /admin
2026-05-16T16:27:40.288Z - GET /images/Untitled-2.png
2026-05-16T16:27:53.087Z - GET /
2026-05-16T16:27:53.271Z - GET /images/Untitled-2.png
2026-05-16T16:27:53.297Z - GET /images/CAC03949.jpg
2026-05-16T16:27:53.417Z - GET /images/abodut-Image.jpg
2026-05-16T16:28:02.308Z - GET /logout
2026-05-16T16:28:02.339Z - GET /
2026-05-16T16:28:02.517Z - GET /images/Untitled-2.png
2026-05-16T16:28:02.523Z - GET /images/CAC03949.jpg
2026-05-16T16:28:02.569Z - GET /images/abodut-Image.jpg
2026-05-16T16:28:10.615Z - GET /admin
2026-05-16T16:28:10.712Z - GET /images/Untitled-2.png
2026-05-16T16:28:20.038Z - GET /admin/users
2026-05-16T16:28:20.162Z - GET /images/Untitled-2.png
2026-05-16T16:28:23.810Z - GET /admin/reading-corner
2026-05-16T16:28:24.011Z - GET /images/Untitled-2.png
2026-05-16T16:28:33.872Z - POST /admin/reading-corner/delete/6a086a4932b8649155ca74c9
2026-05-16T16:28:33.957Z - GET /admin/reading-corner
2026-05-16T16:28:34.161Z - GET /images/Untitled-2.png
2026-05-16T16:28:38.133Z - GET /admin/messages
2026-05-16T16:28:38.242Z - GET /images/Untitled-2.png
2026-05-16T16:28:51.162Z - GET /admin
2026-05-16T16:28:51.346Z - GET /images/Untitled-2.png
2026-05-16T16:29:32.969Z - GET /signup
2026-05-16T16:29:32.982Z - GET /
2026-05-16T16:29:33.083Z - GET /images/Untitled-2.png
2026-05-16T16:29:33.085Z - GET /images/CAC03949.jpg
2026-05-16T16:29:33.099Z - GET /images/abodut-Image.jpg
2026-05-16T16:29:35.412Z - GET /favicon.ico
2026-05-16T16:29:48.452Z - GET /login
2026-05-16T16:29:48.473Z - GET /
2026-05-16T16:29:48.599Z - GET /images/Untitled-2.png
2026-05-16T16:29:48.602Z - GET /images/CAC03949.jpg
2026-05-16T16:29:48.645Z - GET /images/abodut-Image.jpg
2026-05-16T16:30:10.912Z - GET /signup
2026-05-16T16:30:10.930Z - GET /
2026-05-16T16:30:11.070Z - GET /images/Untitled-2.png
2026-05-16T16:30:11.081Z - GET /images/CAC03949.jpg
2026-05-16T16:30:11.132Z - GET /images/abodut-Image.jpg
2026-05-16T16:31:17.349Z - GET /signup
2026-05-16T16:31:17.460Z - GET /
2026-05-16T16:31:17.674Z - GET /images/Untitled-2.png
2026-05-16T16:31:17.687Z - GET /images/CAC03949.jpg
2026-05-16T16:31:17.700Z - GET /images/abodut-Image.jpg
2026-05-16T16:31:23.062Z - GET /login
2026-05-16T16:31:23.136Z - GET /
2026-05-16T16:31:23.449Z - GET /images/Untitled-2.png
2026-05-16T16:31:23.451Z - GET /images/CAC03949.jpg
2026-05-16T16:31:23.482Z - GET /images/abodut-Image.jpg
2026-05-16T16:32:03.169Z - GET /signup
2026-05-16T16:32:03.199Z - GET /
2026-05-16T16:32:03.406Z - GET /images/Untitled-2.png
2026-05-16T16:32:03.409Z - GET /images/CAC03949.jpg
2026-05-16T16:32:03.412Z - GET /images/abodut-Image.jpg
2026-05-16T16:32:18.551Z - GET /signup
2026-05-16T16:32:18.601Z - GET /
2026-05-16T16:32:18.992Z - GET /images/Untitled-2.png
2026-05-16T16:32:18.994Z - GET /images/CAC03949.jpg
2026-05-16T16:32:19.000Z - GET /images/abodut-Image.jpg
2026-05-16T16:32:33.100Z - GET /login
2026-05-16T16:32:33.118Z - GET /
2026-05-16T16:32:33.255Z - GET /images/Untitled-2.png
2026-05-16T16:32:33.270Z - GET /images/CAC03949.jpg
2026-05-16T16:32:33.289Z - GET /images/abodut-Image.jpg
2026-05-16T16:33:07.925Z - GET /admin
2026-05-16T16:33:08.119Z - GET /images/Untitled-2.png
2026-05-16T16:33:21.550Z - GET /logout
2026-05-16T16:33:21.564Z - GET /
2026-05-16T16:33:21.721Z - GET /images/Untitled-2.png
2026-05-16T16:33:21.753Z - GET /images/CAC03949.jpg
2026-05-16T16:33:21.755Z - GET /images/abodut-Image.jpg
2026-05-16T16:33:22.529Z - GET /logout
2026-05-16T16:33:22.566Z - GET /
2026-05-16T16:33:22.711Z - GET /images/Untitled-2.png
2026-05-16T16:33:22.713Z - GET /images/CAC03949.jpg
2026-05-16T16:33:22.746Z - GET /images/abodut-Image.jpg
2026-05-16T16:33:34.606Z - GET /admin
2026-05-16T16:33:34.761Z - GET /images/Untitled-2.png
2026-05-16T16:33:45.415Z - GET /logout
2026-05-16T16:33:45.429Z - GET /
2026-05-16T16:33:45.532Z - GET /images/Untitled-2.png
2026-05-16T16:33:45.540Z - GET /images/CAC03949.jpg
2026-05-16T16:33:45.566Z - GET /images/abodut-Image.jpg
2026-05-16T16:33:48.691Z - GET /signup
2026-05-16T16:33:48.705Z - GET /
2026-05-16T16:33:48.867Z - GET /images/Untitled-2.png
2026-05-16T16:33:48.870Z - GET /images/CAC03949.jpg
2026-05-16T16:33:48.872Z - GET /images/abodut-Image.jpg
2026-05-16T16:34:36.696Z - GET /logout
2026-05-16T16:34:36.719Z - GET /
2026-05-16T16:34:36.864Z - GET /images/Untitled-2.png
2026-05-16T16:34:36.874Z - GET /images/CAC03949.jpg
2026-05-16T16:34:36.876Z - GET /images/abodut-Image.jpg
2026-05-16T16:34:38.684Z - GET /non-existent-page-test
2026-05-16T16:34:42.333Z - GET /signup
2026-05-16T16:34:42.351Z - GET /
2026-05-16T16:34:42.564Z - GET /images/Untitled-2.png
2026-05-16T16:34:42.570Z - GET /images/CAC03949.jpg
2026-05-16T16:34:42.597Z - GET /images/abodut-Image.jpg
2026-05-16T16:34:51.559Z - GET /admin
2026-05-16T16:34:51.727Z - GET /images/Untitled-2.png
2026-05-16T16:35:13.328Z - GET /signup
2026-05-16T16:35:13.350Z - GET /
2026-05-16T16:35:13.522Z - GET /images/Untitled-2.png
2026-05-16T16:35:13.525Z - GET /images/CAC03949.jpg
2026-05-16T16:35:13.541Z - GET /images/abodut-Image.jpg
2026-05-16T16:35:26.664Z - GET /Login
2026-05-16T16:35:26.682Z - GET /
2026-05-16T16:35:26.809Z - GET /images/Untitled-2.png
2026-05-16T16:35:26.819Z - GET /images/CAC03949.jpg
2026-05-16T16:35:26.821Z - GET /images/abodut-Image.jpg
2026-05-16T16:35:40.211Z - GET /signup
2026-05-16T16:35:40.235Z - GET /
2026-05-16T16:35:40.415Z - GET /images/Untitled-2.png
2026-05-16T16:35:40.416Z - GET /images/CAC03949.jpg
2026-05-16T16:35:40.462Z - GET /images/abodut-Image.jpg
2026-05-16T16:36:16.337Z - GET /login
2026-05-16T16:36:16.362Z - GET /
2026-05-16T16:36:16.551Z - GET /images/Untitled-2.png
2026-05-16T16:36:16.553Z - GET /images/CAC03949.jpg
2026-05-16T16:36:16.607Z - GET /images/abodut-Image.jpg
2026-05-16T16:36:27.827Z - GET /admission
2026-05-16T16:36:28.003Z - GET /images/Untitled-2.png
2026-05-16T16:36:28.008Z - GET /images/CAC03244.JPG
2026-05-16T16:36:28.046Z - GET /images/admition-3.jpg
2026-05-16T16:37:51.469Z - GET /signup
2026-05-16T16:37:51.513Z - GET /
2026-05-16T16:37:51.620Z - GET /images/Untitled-2.png
2026-05-16T16:37:51.629Z - GET /images/CAC03949.jpg
2026-05-16T16:37:51.641Z - GET /images/abodut-Image.jpg
2026-05-16T16:40:43.102Z - GET /admin
2026-05-16T16:40:43.369Z - GET /images/Untitled-2.png
2026-05-16T16:43:36.383Z - GET /signup
2026-05-16T16:43:36.394Z - GET /
2026-05-16T16:43:36.480Z - GET /images/Untitled-2.png
2026-05-16T16:43:36.484Z - GET /images/CAC03949.jpg
2026-05-16T16:43:36.527Z - GET /images/abodut-Image.jpg
2026-05-16T16:44:07.646Z - GET /signup
2026-05-16T16:44:07.679Z - GET /
2026-05-16T16:44:07.844Z - GET /images/Untitled-2.png
2026-05-16T16:44:07.847Z - GET /images/CAC03949.jpg
2026-05-16T16:44:07.857Z - GET /images/abodut-Image.jpg
2026-05-16T16:46:13.408Z - GET /signup
2026-05-16T16:46:13.429Z - GET /
2026-05-16T16:46:13.565Z - GET /images/Untitled-2.png
2026-05-16T16:46:13.568Z - GET /images/CAC03949.jpg
2026-05-16T16:46:13.599Z - GET /images/abodut-Image.jpg
2026-05-16T16:46:24.571Z - GET /admin
2026-05-16T16:46:24.728Z - GET /images/Untitled-2.png
2026-05-16T16:46:31.997Z - GET /logout
2026-05-16T16:46:32.010Z - GET /
2026-05-16T16:46:32.110Z - GET /images/Untitled-2.png
2026-05-16T16:46:32.113Z - GET /images/CAC03949.jpg
2026-05-16T16:46:32.121Z - GET /images/abodut-Image.jpg
2026-05-16T16:46:49.859Z - GET /signup
2026-05-16T16:46:49.874Z - GET /
2026-05-16T16:46:50.022Z - GET /images/Untitled-2.png
2026-05-16T16:46:50.027Z - GET /images/CAC03949.jpg
2026-05-16T16:46:50.035Z - GET /images/abodut-Image.jpg
2026-05-16T16:47:01.105Z - GET /login
2026-05-16T16:47:01.115Z - GET /
2026-05-16T16:47:01.231Z - GET /images/Untitled-2.png
2026-05-16T16:47:01.234Z - GET /images/CAC03949.jpg
2026-05-16T16:47:01.246Z - GET /images/abodut-Image.jpg
2026-05-16T16:47:11.096Z - GET /admin
2026-05-16T16:47:11.224Z - GET /images/Untitled-2.png
2026-05-16T16:47:17.657Z - GET /logout
2026-05-16T16:47:17.671Z - GET /
2026-05-16T16:47:17.791Z - GET /images/Untitled-2.png
2026-05-16T16:47:17.793Z - GET /images/CAC03949.jpg
2026-05-16T16:47:17.794Z - GET /images/abodut-Image.jpg
2026-05-16T16:47:34.598Z - GET /signup
2026-05-16T16:47:34.614Z - GET /
2026-05-16T16:47:34.744Z - GET /images/Untitled-2.png
2026-05-16T16:47:34.746Z - GET /images/CAC03949.jpg
2026-05-16T16:47:34.768Z - GET /images/abodut-Image.jpg
2026-05-16T16:47:57.316Z - GET /admin/users
2026-05-16T16:47:57.399Z - GET /images/Untitled-2.png
2026-05-16T16:48:06.032Z - GET /logout
2026-05-16T16:48:06.056Z - GET /
2026-05-16T16:48:06.143Z - GET /images/Untitled-2.png
2026-05-16T16:48:06.146Z - GET /images/CAC03949.jpg
2026-05-16T16:48:06.163Z - GET /images/abodut-Image.jpg
2026-05-16T16:48:12.314Z - GET /admin
2026-05-16T16:48:12.723Z - GET /images/Untitled-2.png
2026-05-16T16:48:15.483Z - GET /random-page-12345
2026-05-16T16:48:20.448Z - GET /admin
2026-05-16T16:48:20.588Z - GET /images/Untitled-2.png
2026-05-16T16:48:27.761Z - GET /logout
2026-05-16T16:48:27.773Z - GET /
2026-05-16T16:48:27.854Z - GET /images/Untitled-2.png
2026-05-16T16:48:27.861Z - GET /images/CAC03949.jpg
2026-05-16T16:48:27.873Z - GET /images/abodut-Image.jpg
2026-05-16T16:48:57.931Z - GET /signup
2026-05-16T16:48:57.951Z - GET /
2026-05-16T16:48:58.152Z - GET /images/Untitled-2.png
2026-05-16T16:48:58.155Z - GET /images/CAC03949.jpg
2026-05-16T16:48:58.192Z - GET /images/abodut-Image.jpg
2026-05-16T16:49:15.424Z - GET /admin/dashboard
2026-05-16T16:49:22.751Z - GET /
2026-05-16T16:49:22.884Z - GET /images/Untitled-2.png
2026-05-16T16:49:22.899Z - GET /images/CAC03949.jpg
2026-05-16T16:49:22.910Z - GET /images/abodut-Image.jpg
2026-05-16T16:49:47.945Z - HEAD /login
2026-05-16T16:49:47.958Z - HEAD /
2026-05-16T16:49:48.000Z - GET /login
2026-05-16T16:49:48.007Z - GET /
2026-05-16T16:50:16.713Z - GET /login
2026-05-16T16:50:16.740Z - GET /
2026-05-16T16:50:16.902Z - GET /images/Untitled-2.png
2026-05-16T16:50:16.908Z - GET /images/CAC03949.jpg
2026-05-16T16:50:16.910Z - GET /images/abodut-Image.jpg
2026-05-16T16:51:00.646Z - GET /admin
2026-05-16T16:51:00.892Z - GET /images/Untitled-2.png
2026-05-16T16:51:38.402Z - GET /admin
2026-05-16T16:51:38.553Z - GET /images/Untitled-2.png
2026-05-16T16:52:06.829Z - GET /admin
2026-05-16T16:52:06.964Z - GET /images/Untitled-2.png
2026-05-16T16:53:08.096Z - GET /
2026-05-16T16:53:08.218Z - GET /images/Untitled-2.png
2026-05-16T16:53:08.220Z - GET /images/CAC03949.jpg
2026-05-16T16:53:08.260Z - GET /images/abodut-Image.jpg
2026-05-16T16:53:36.868Z - GET /admission
2026-05-16T16:53:36.977Z - GET /images/Untitled-2.png
2026-05-16T16:53:36.985Z - GET /images/CAC03244.JPG
2026-05-16T16:53:37.000Z - GET /images/admition-3.jpg
2026-05-16T16:54:47.555Z - GET /admin
2026-05-16T16:54:48.076Z - GET /images/Untitled-2.png
2026-05-16T16:56:22.498Z - GET /admin
2026-05-16T16:56:22.571Z - GET /images/Untitled-2.png
2026-05-16T16:58:13.081Z - GET /admin
2026-05-16T16:58:13.176Z - GET /images/Untitled-2.png
2026-05-16T16:58:14.028Z - GET /favicon.ico
2026-05-16T17:02:01.720Z - HEAD /signup
2026-05-16T17:02:01.728Z - HEAD /
2026-05-16T17:02:01.791Z - GET /signup
2026-05-16T17:02:01.795Z - GET /
2026-05-16T17:05:31.564Z - GET /login
2026-05-16T17:05:45.077Z - GET /login
2026-05-16T17:12:12.693Z - HEAD /login
2026-05-16T17:12:12.698Z - HEAD /
2026-05-16T17:12:12.748Z - GET /login
2026-05-16T17:12:12.754Z - GET /
2026-05-16T17:12:31.050Z - HEAD /
2026-05-16T17:12:31.073Z - GET /
2026-05-16T17:13:01.082Z - GET /login
2026-05-16T17:18:24.075Z - GET /admin
2026-05-16T17:18:24.163Z - GET /images/Untitled-2.png
2026-05-16T17:19:08.293Z - HEAD /signup
2026-05-16T17:19:08.304Z - HEAD /
2026-05-16T17:30:39.026Z - GET /admin/users
2026-05-16T17:30:39.214Z - GET /images/Untitled-2.png
2026-05-16T17:30:44.953Z - GET /admin
2026-05-16T17:30:45.126Z - GET /images/Untitled-2.png
2026-05-16T17:30:51.053Z - GET /admin/reading-corner
2026-05-16T17:30:51.263Z - GET /images/Untitled-2.png
2026-05-16T17:31:02.744Z - GET /admin
2026-05-16T17:31:02.898Z - GET /images/Untitled-2.png
2026-05-16T17:31:07.822Z - GET /admin/messages
2026-05-16T17:31:07.967Z - GET /images/Untitled-2.png
2026-05-16T17:31:19.546Z - GET /.well-known/appspecific/com.chrome.devtools.json
2026-05-16T17:31:38.142Z - GET /admin/messages
2026-05-16T17:31:38.219Z - GET /images/Untitled-2.png
2026-05-16T17:31:51.610Z - GET /admin/enrollments
2026-05-16T17:31:51.850Z - GET /.well-known/appspecific/com.chrome.devtools.json
2026-05-16T17:31:54.187Z - GET /.well-known/appspecific/com.chrome.devtools.json
2026-05-16T17:31:54.306Z - GET /.well-known/appspecific/com.chrome.devtools.json
2026-05-16T17:32:02.958Z - GET /.well-known/appspecific/com.chrome.devtools.json
2026-05-16T17:32:03.065Z - GET /.well-known/appspecific/com.chrome.devtools.json
2026-05-16T17:32:21.816Z - GET /.well-known/appspecific/com.chrome.devtools.json
2026-05-16T17:32:22.225Z - GET /.well-known/appspecific/com.chrome.devtools.json
2026-05-16T17:32:22.334Z - GET /.well-known/appspecific/com.chrome.devtools.json
2026-05-16T17:32:22.496Z - GET /.well-known/appspecific/com.chrome.devtools.json
2026-05-16T17:34:27.767Z - GET /admin
2026-05-16T17:34:27.876Z - GET /images/Untitled-2.png
2026-05-16T17:34:51.051Z - GET /admin
2026-05-16T17:34:51.134Z - GET /images/Untitled-2.png
2026-05-16T17:35:04.767Z - GET /admin/users
2026-05-16T17:35:04.898Z - GET /images/Untitled-2.png
2026-05-16T17:35:10.722Z - GET /admin
2026-05-16T17:35:10.851Z - GET /images/Untitled-2.png
2026-05-16T17:35:33.415Z - GET /non-existent-page-test
2026-05-16T17:36:21.243Z - GET /admin/reading-corner
2026-05-16T17:36:21.370Z - GET /images/Untitled-2.png
2026-05-16T17:36:35.646Z - GET /
2026-05-16T17:36:35.780Z - GET /images/CAC03949.jpg
2026-05-16T17:36:35.783Z - GET /images/abodut-Image.jpg
2026-05-16T17:40:07.238Z - GET /
2026-05-16T17:40:07.416Z - GET /images/CAC03949.jpg
2026-05-16T17:40:07.419Z - GET /images/abodut-Image.jpg
2026-05-16T17:40:09.892Z - GET /
2026-05-16T17:40:09.962Z - GET /images/CAC03949.jpg
2026-05-16T17:40:09.965Z - GET /images/abodut-Image.jpg
2026-05-16T17:40:20.086Z - GET /
2026-05-16T17:40:20.144Z - GET /admin
2026-05-16T17:40:20.313Z - GET /
2026-05-16T17:40:20.476Z - GET /images/abodut-Image.jpg
2026-05-16T17:40:20.534Z - GET /images/CAC03949.jpg
2026-05-16T17:40:20.543Z - GET /favicon.ico
2026-05-16T17:40:20.608Z - GET /images/abodut-Image.jpg
2026-05-16T17:40:20.611Z - GET /images/CAC03949.jpg
2026-05-16T17:43:01.600Z - GET /
2026-05-16T17:43:01.688Z - GET /images/CAC03949.jpg
2026-05-16T17:43:01.690Z - GET /images/abodut-Image.jpg
2026-05-16T17:43:03.620Z - GET /
2026-05-16T17:43:03.688Z - GET /images/CAC03949.jpg
2026-05-16T17:43:03.690Z - GET /images/abodut-Image.jpg
2026-05-16T17:44:46.418Z - GET /
2026-05-16T17:44:46.584Z - GET /images/CAC03949.jpg
2026-05-16T17:44:46.600Z - GET /images/abodut-Image.jpg
2026-05-16T17:47:35.285Z - GET /
2026-05-16T17:47:35.362Z - GET /images/CAC03949.jpg
2026-05-16T17:47:35.364Z - GET /images/abodut-Image.jpg
2026-05-16T17:47:35.416Z - GET /images/CAC03244.JPG
2026-05-16T18:14:09.452Z - GET /
2026-05-16T18:14:09.562Z - GET /images/abodut-Image.jpg
2026-05-16T18:14:09.563Z - GET /images/CAC03949.jpg
2026-05-16T18:14:09.569Z - GET /images/CAC03244.JPG
2026-05-16T18:14:11.858Z - GET /favicon.ico
2026-05-17T01:45:52.869Z - GET /
2026-05-17T01:45:53.105Z - GET /images/CAC03949.jpg
2026-05-17T01:45:53.115Z - GET /images/abodut-Image.jpg
2026-05-17T01:45:53.242Z - GET /images/CAC03244.JPG
2026-05-17T01:45:56.684Z - GET /favicon.ico
2026-05-17T01:47:03.353Z - GET /admin
2026-05-17T01:47:03.610Z - GET /images/Untitled-2.png
2026-05-17T01:47:28.663Z - GET /logout
2026-05-17T01:47:28.676Z - GET /
2026-05-17T01:47:28.732Z - GET /images/CAC03949.jpg
2026-05-17T01:47:28.738Z - GET /images/abodut-Image.jpg
2026-05-17T01:47:28.740Z - GET /images/CAC03244.JPG
2026-05-17T01:51:07.970Z - GET /
2026-05-17T01:51:08.073Z - GET /images/CAC03949.jpg
2026-05-17T01:51:08.092Z - GET /images/abodut-Image.jpg
2026-05-17T01:51:09.775Z - GET /favicon.ico
2026-05-17T01:53:27.243Z - GET /
2026-05-17T01:53:27.360Z - GET /images/CAC03949.jpg
2026-05-17T01:53:27.364Z - GET /images/abodut-Image.jpg
2026-05-17T01:53:48.773Z - GET /admission
2026-05-17T01:53:48.875Z - GET /images/Untitled-2.png
2026-05-17T01:53:48.877Z - GET /images/CAC03244.JPG
2026-05-17T01:53:48.892Z - GET /images/admition-3.jpg
2026-05-17T01:54:04.364Z - GET /
2026-05-17T01:54:04.495Z - GET /images/CAC03949.jpg
2026-05-17T01:54:04.508Z - GET /images/abodut-Image.jpg
2026-05-17T01:55:41.251Z - GET /admission
2026-05-17T01:55:41.328Z - GET /images/Untitled-2.png
2026-05-17T01:55:41.331Z - GET /images/CAC03244.JPG
2026-05-17T01:55:41.358Z - GET /images/admition-3.jpg
2026-05-17T01:55:47.938Z - GET /reading-corner
2026-05-17T01:56:00.895Z - GET /
2026-05-17T01:56:00.971Z - GET /images/CAC03949.jpg
2026-05-17T01:56:00.973Z - GET /images/abodut-Image.jpg
2026-05-17T01:58:42.912Z - GET /
2026-05-17T01:58:43.043Z - GET /images/Untitled-2.png
2026-05-17T01:58:43.051Z - GET /images/CAC03949.jpg
2026-05-17T01:58:43.064Z - GET /images/abodut-Image.jpg
2026-05-17T01:59:02.313Z - GET /reading-corner
2026-05-17T01:59:02.439Z - GET /images/Untitled-2.png
2026-05-17T01:59:17.789Z - GET /admission
2026-05-17T01:59:17.883Z - GET /images/Untitled-2.png
2026-05-17T01:59:17.891Z - GET /images/CAC03244.JPG
2026-05-17T01:59:17.929Z - GET /images/admition-3.jpg
2026-05-17T02:00:25.303Z - GET /
2026-05-17T02:00:25.546Z - GET /images/Untitled-2.png
2026-05-17T02:00:25.550Z - GET /images/CAC03949.jpg
2026-05-17T02:00:25.628Z - GET /images/abodut-Image.jpg
2026-05-17T02:00:29.296Z - GET /reading-corner
2026-05-17T02:00:29.484Z - GET /images/Untitled-2.png
2026-05-17T02:00:37.841Z - GET /admission
2026-05-17T02:00:37.948Z - GET /images/Untitled-2.png
2026-05-17T02:00:37.950Z - GET /images/CAC03244.JPG
2026-05-17T02:00:37.964Z - GET /images/admition-3.jpg
2026-05-17T02:00:42.623Z - GET /donate
2026-05-17T02:00:42.705Z - GET /images/Untitled-2.png
2026-05-17T02:00:47.981Z - GET /
2026-05-17T02:00:48.064Z - GET /images/Untitled-2.png
2026-05-17T02:00:48.068Z - GET /images/CAC03949.jpg
2026-05-17T02:00:48.080Z - GET /images/abodut-Image.jpg
2026-05-17T02:01:32.934Z - GET /login
2026-05-17T02:01:33.038Z - GET /images/CAC03949.jpg
2026-05-17T02:01:52.395Z - GET /
2026-05-17T02:01:52.488Z - GET /images/Untitled-2.png
2026-05-17T02:01:52.490Z - GET /images/CAC03949.jpg
2026-05-17T02:01:52.500Z - GET /images/abodut-Image.jpg
2026-05-17T02:02:14.774Z - GET /
2026-05-17T02:02:14.884Z - GET /images/CAC03949.jpg
2026-05-17T02:02:14.889Z - GET /images/Untitled-2.png
2026-05-17T02:02:14.913Z - GET /images/abodut-Image.jpg
2026-05-17T02:04:20.754Z - GET /reading-corner
2026-05-17T02:04:20.978Z - GET /images/Untitled-2.png
2026-05-17T02:04:45.929Z - GET /reading-corner
2026-05-17T02:04:46.062Z - GET /images/Untitled-2.png
2026-05-17T02:04:46.493Z - GET /admission
2026-05-17T02:04:46.624Z - GET /images/Untitled-2.png
2026-05-17T02:04:46.626Z - GET /images/CAC03244.JPG
2026-05-17T02:04:46.642Z - GET /images/admition-3.jpg
2026-05-17T02:08:26.772Z - GET /
2026-05-17T02:08:26.844Z - GET /images/Untitled-2.png
2026-05-17T02:08:26.845Z - GET /images/CAC03949.jpg
2026-05-17T02:08:26.866Z - GET /images/abodut-Image.jpg
2026-05-17T02:10:43.370Z - GET /
2026-05-17T02:10:43.430Z - GET /images/Untitled-2.png
2026-05-17T02:10:43.433Z - GET /images/CAC03949.jpg
2026-05-17T02:10:43.453Z - GET /images/abodut-Image.jpg
2026-05-17T02:10:47.044Z - GET /reading-corner
2026-05-17T02:10:47.094Z - GET /images/Untitled-2.png
2026-05-17T02:10:48.894Z - GET /donate
2026-05-17T02:10:48.933Z - GET /images/Untitled-2.png
2026-05-17T02:10:52.621Z - GET /
2026-05-17T02:10:52.662Z - GET /images/Untitled-2.png
2026-05-17T02:10:52.668Z - GET /images/CAC03949.jpg
2026-05-17T02:10:52.672Z - GET /images/abodut-Image.jpg
2026-05-17T02:10:55.263Z - GET /reading-corner
2026-05-17T02:10:55.313Z - GET /images/Untitled-2.png
2026-05-17T02:10:56.836Z - GET /
2026-05-17T02:10:56.878Z - GET /images/Untitled-2.png
2026-05-17T02:10:56.884Z - GET /images/CAC03949.jpg
2026-05-17T02:10:56.893Z - GET /images/abodut-Image.jpg
2026-05-17T02:13:36.572Z - GET /
2026-05-17T02:13:36.716Z - GET /images/Untitled-2.png
2026-05-17T02:13:36.719Z - GET /images/CAC03949.jpg
2026-05-17T02:13:36.735Z - GET /images/abodut-Image.jpg
2026-05-17T02:23:19.503Z - GET /
2026-05-17T02:23:19.711Z - GET /images/Untitled-2.png
2026-05-17T02:23:19.714Z - GET /images/CAC03949.jpg
2026-05-17T02:23:19.859Z - GET /images/abodut-Image.jpg
2026-05-17T02:23:39.603Z - GET /login
2026-05-17T02:23:39.722Z - GET /images/CAC03949.jpg
2026-05-17T02:24:32.281Z - POST /login
2026-05-17T02:24:32.343Z - GET /admin
2026-05-17T02:24:32.881Z - GET /images/Untitled-2.png
2026-05-17T02:24:57.728Z - GET /admin/enrollments
2026-05-17T02:25:19.474Z - GET /logout
2026-05-17T02:25:19.484Z - GET /
2026-05-17T02:25:19.547Z - GET /images/Untitled-2.png
2026-05-17T02:25:19.550Z - GET /images/CAC03949.jpg
2026-05-17T02:25:19.563Z - GET /images/abodut-Image.jpg
2026-05-17T02:25:22.133Z - GET /login
2026-05-17T02:25:22.185Z - GET /images/CAC03949.jpg
2026-05-17T02:25:39.121Z - POST /login
2026-05-17T02:25:39.128Z - GET /admin
2026-05-17T02:25:39.215Z - GET /images/Untitled-2.png
2026-05-17T02:25:49.775Z - GET /
2026-05-17T02:25:49.824Z - GET /images/Untitled-2.png
2026-05-17T02:25:49.826Z - GET /images/CAC03949.jpg
2026-05-17T02:25:49.837Z - GET /images/abodut-Image.jpg
2026-05-17T02:26:07.370Z - GET /reading-corner
2026-05-17T02:26:07.435Z - GET /images/Untitled-2.png
2026-05-17T02:27:49.371Z - GET /reading-corner
2026-05-17T02:27:49.463Z - GET /images/Untitled-2.png
2026-05-17T02:28:24.541Z - GET /reading-corner
2026-05-17T02:28:24.604Z - GET /images/Untitled-2.png
2026-05-17T02:28:45.777Z - GET /reading-corner
2026-05-17T02:28:45.841Z - GET /images/Untitled-2.png
2026-05-17T02:29:48.106Z - GET /reading-corner
2026-05-17T02:29:48.168Z - GET /images/Untitled-2.png
2026-05-17T02:30:12.886Z - GET /reading-corner
2026-05-17T02:30:12.967Z - GET /images/Untitled-2.png
2026-05-17T02:30:44.448Z - GET /
2026-05-17T02:30:44.515Z - GET /images/Untitled-2.png
2026-05-17T02:30:44.523Z - GET /images/CAC03949.jpg
2026-05-17T02:30:44.552Z - GET /images/abodut-Image.jpg
2026-05-17T02:30:48.933Z - GET /reading-corner
2026-05-17T02:30:48.993Z - GET /images/Untitled-2.png
2026-05-17T02:30:51.951Z - GET /
2026-05-17T02:30:52.010Z - GET /images/Untitled-2.png
2026-05-17T02:30:52.013Z - GET /images/CAC03949.jpg
2026-05-17T02:30:52.024Z - GET /images/abodut-Image.jpg
2026-05-17T02:31:01.204Z - GET /donate
2026-05-17T02:31:01.260Z - GET /images/Untitled-2.png
2026-05-17T02:31:08.555Z - GET /admission
2026-05-17T02:31:08.607Z - GET /images/Untitled-2.png
2026-05-17T02:31:08.613Z - GET /images/CAC03244.JPG
2026-05-17T02:31:08.638Z - GET /images/admition-3.jpg
2026-05-17T02:31:37.522Z - GET /admission
2026-05-17T02:31:37.582Z - GET /images/Untitled-2.png
2026-05-17T02:31:37.584Z - GET /images/CAC03244.JPG
2026-05-17T02:31:37.625Z - GET /images/admition-3.jpg
2026-05-17T02:31:39.581Z - GET /
2026-05-17T02:31:39.640Z - GET /images/Untitled-2.png
2026-05-17T02:31:39.643Z - GET /images/CAC03949.jpg
2026-05-17T02:31:39.660Z - GET /images/abodut-Image.jpg
2026-05-17T02:31:42.300Z - GET /login
2026-05-17T02:31:42.361Z - GET /images/CAC03949.jpg
2026-05-17T02:32:25.543Z - POST /login
2026-05-17T02:32:25.564Z - GET /admin
2026-05-17T02:32:25.686Z - GET /images/Untitled-2.png
2026-05-17T02:32:29.224Z - GET /admin/enrollments
2026-05-17T02:32:31.283Z - GET /admin/messages
2026-05-17T02:32:31.336Z - GET /images/Untitled-2.png
2026-05-17T02:32:35.548Z - GET /admin/reading-corner
2026-05-17T02:32:35.613Z - GET /images/Untitled-2.png
2026-05-17T02:32:48.431Z - GET /admin
2026-05-17T02:32:48.502Z - GET /images/Untitled-2.png
2026-05-17T02:32:51.461Z - GET /admin/users
2026-05-17T02:32:51.514Z - GET /images/Untitled-2.png
2026-05-17T02:32:56.031Z - GET /admin
2026-05-17T02:32:56.089Z - GET /images/Untitled-2.png
2026-05-17T02:34:11.464Z - GET /donate
2026-05-17T02:34:11.531Z - GET /images/Untitled-2.png
2026-05-17T02:34:22.472Z - GET /donate?
2026-05-17T02:34:22.544Z - GET /images/Untitled-2.png
2026-05-17T02:34:31.188Z - GET /
2026-05-17T02:34:31.255Z - GET /images/Untitled-2.png
2026-05-17T02:34:31.258Z - GET /images/CAC03949.jpg
2026-05-17T02:34:31.285Z - GET /images/abodut-Image.jpg
2026-05-17T02:38:54.694Z - GET /
2026-05-17T02:38:54.840Z - GET /images/Untitled-2.png
2026-05-17T02:38:54.844Z - GET /images/CAC03949.jpg
2026-05-17T02:38:54.885Z - GET /images/abodut-Image.jpg
2026-05-17T05:04:29.871Z - GET /
2026-05-17T05:04:30.151Z - GET /images/Untitled-2.png
2026-05-17T05:04:30.155Z - GET /images/CAC03949.jpg
2026-05-17T05:04:30.206Z - GET /images/abodut-Image.jpg
2026-05-17T05:04:31.463Z - GET /favicon.ico
2026-05-17T05:05:02.141Z - GET /
2026-05-17T05:05:02.266Z - GET /images/Untitled-2.png
2026-05-17T05:05:02.273Z - GET /images/CAC03949.jpg
2026-05-17T05:05:02.294Z - GET /images/abodut-Image.jpg
2026-05-17T05:05:04.060Z - GET /favicon.ico
2026-05-17T05:05:29.943Z - GET /admission
2026-05-17T05:05:30.106Z - GET /images/Untitled-2.png
2026-05-17T05:05:30.108Z - GET /images/CAC03244.JPG
2026-05-17T05:05:30.122Z - GET /images/admition-3.jpg
2026-05-17T05:05:43.672Z - GET /login
2026-05-17T05:05:43.774Z - GET /images/CAC03949.jpg
2026-05-17T05:06:22.474Z - POST /login
2026-05-17T05:06:22.680Z - GET /admin
2026-05-17T05:06:23.150Z - GET /images/Untitled-2.png
2026-05-17T05:06:32.578Z - GET /admin/enrollments
2026-05-17T05:06:40.890Z - GET /admin/enrollments
2026-05-17T05:06:44.507Z - GET /admin
2026-05-17T05:06:44.620Z - GET /images/Untitled-2.png
2026-05-17T05:07:04.601Z - GET /admin/enrollments
2026-05-17T05:23:50.045Z - GET /donate
2026-05-17T05:23:50.174Z - GET /images/Untitled-2.png
2026-05-17T05:23:52.156Z - GET /favicon.ico
2026-05-17T05:25:22.616Z - POST /donate
2026-05-17T05:25:22.717Z - GET /donate?success=true
2026-05-17T05:25:22.857Z - GET /images/Untitled-2.png
2026-05-17T05:27:10.666Z - POST /donate
2026-05-17T05:27:10.697Z - GET /donate?success=true
2026-05-17T05:27:10.780Z - GET /images/Untitled-2.png
2026-05-17T05:27:19.713Z - GET /login
2026-05-17T05:27:19.813Z - GET /images/CAC03949.jpg
2026-05-17T05:27:39.601Z - POST /login
2026-05-17T05:27:39.637Z - GET /admin
2026-05-17T05:27:40.718Z - GET /images/Untitled-2.png
2026-05-17T05:27:48.306Z - GET /admin/donations
2026-05-17T05:27:48.485Z - GET /images/Untitled-2.png
2026-05-17T05:28:54.811Z - GET /admin/donations/download-csv?month=5&year=2026
2026-05-17T05:29:10.289Z - GET /admin/donations/report?month=5&year=2026
2026-05-17T05:29:10.402Z - GET /images/Untitled-2.png
2026-05-17T05:30:22.364Z - GET /admin/donations/report?month=1&year=2026
2026-05-17T05:30:22.406Z - GET /images/Untitled-2.png
2026-05-17T05:30:44.684Z - GET /admin
2026-05-17T05:30:44.775Z - GET /images/Untitled-2.png
2026-05-17T05:30:48.885Z - GET /admin/donations
2026-05-17T05:30:48.964Z - GET /images/Untitled-2.png
2026-05-17T05:31:00.085Z - GET /
2026-05-17T05:31:00.160Z - GET /images/Untitled-2.png
2026-05-17T05:31:00.162Z - GET /images/CAC03949.jpg
2026-05-17T05:31:00.173Z - GET /images/abodut-Image.jpg
2026-05-17T05:33:43.064Z - GET /
2026-05-17T05:33:43.205Z - GET /images/Untitled-2.png
2026-05-17T05:33:43.207Z - GET /images/CAC03949.jpg
2026-05-17T05:33:43.251Z - GET /images/abodut-Image.jpg
2026-05-17T05:33:46.100Z - GET /donate
2026-05-17T05:33:46.198Z - GET /images/Untitled-2.png
2026-05-17T05:35:17.825Z - GET /
2026-05-17T05:35:17.916Z - GET /images/Untitled-2.png
2026-05-17T05:35:17.918Z - GET /images/CAC03949.jpg
2026-05-17T05:35:17.950Z - GET /images/abodut-Image.jpg
2026-05-17T05:41:16.344Z - GET /
2026-05-17T05:41:16.503Z - GET /images/Untitled-2.png
2026-05-17T05:41:16.505Z - GET /images/CAC03949.jpg
2026-05-17T05:41:16.523Z - GET /images/abodut-Image.jpg
2026-05-17T05:43:55.408Z - GET /
2026-05-17T05:43:55.709Z - GET /images/Untitled-2.png
2026-05-17T05:43:55.740Z - GET /images/CAC03949.jpg
2026-05-17T05:43:55.768Z - GET /images/abodut-Image.jpg
2026-05-17T05:44:37.533Z - GET /donate?type=challenge
2026-05-17T05:44:37.738Z - GET /images/Untitled-2.png
2026-05-17T05:44:52.967Z - GET /donate
2026-05-17T05:44:53.120Z - GET /images/Untitled-2.png
2026-05-17T05:44:58.999Z - GET /
2026-05-17T05:44:59.182Z - GET /images/Untitled-2.png
2026-05-17T05:44:59.184Z - GET /images/CAC03949.jpg
2026-05-17T05:44:59.231Z - GET /images/abodut-Image.jpg
2026-05-17T05:45:05.099Z - GET /
2026-05-17T05:45:05.356Z - GET /images/Untitled-2.png
2026-05-17T05:45:05.361Z - GET /images/CAC03949.jpg
2026-05-17T05:45:05.372Z - GET /images/abodut-Image.jpg
2026-05-17T05:45:34.869Z - GET /donate?type=general&amount=313
2026-05-17T05:45:35.018Z - GET /images/Untitled-2.png
2026-05-17T06:36:28.920Z - GET /donate
2026-05-17T06:36:29.163Z - GET /images/Untitled-2.png
2026-05-17T12:53:57.990Z - GET /
2026-05-17T12:53:58.256Z - GET /images/Untitled-2.png
2026-05-17T12:53:58.259Z - GET /images/CAC03949.jpg
2026-05-17T12:53:58.297Z - GET /images/abodut-Image.jpg
2026-05-17T12:54:00.296Z - GET /favicon.ico
2026-05-17T12:54:32.337Z - GET /donate
2026-05-17T12:54:32.427Z - GET /images/Untitled-2.png
2026-05-17T12:54:48.805Z - GET /
2026-05-17T12:54:48.881Z - GET /images/Untitled-2.png
2026-05-17T12:54:48.887Z - GET /images/CAC03949.jpg
2026-05-17T12:54:48.900Z - GET /images/abodut-Image.jpg
2026-05-17T12:55:22.608Z - GET /login
2026-05-17T12:55:22.688Z - GET /images/CAC03949.jpg
2026-05-17T12:55:36.039Z - POST /login
2026-05-17T12:55:36.059Z - GET /admin
2026-05-17T12:55:36.438Z - GET /images/Untitled-2.png
2026-05-17T12:55:41.519Z - GET /admin/enrollments
2026-05-17T12:55:41.588Z - GET /images/Untitled-2.png
2026-05-17T12:55:47.151Z - GET /admin
2026-05-17T12:55:47.263Z - GET /images/Untitled-2.png
2026-05-17T12:55:54.971Z - GET /admin/users
2026-05-17T12:55:55.053Z - GET /images/Untitled-2.png
2026-05-17T12:55:56.918Z - GET /admin/reading-corner
2026-05-17T12:55:57.019Z - GET /images/Untitled-2.png
2026-05-17T12:56:04.438Z - GET /admin/messages
2026-05-17T12:56:04.539Z - GET /images/Untitled-2.png
2026-05-17T12:56:10.810Z - GET /admin/enrollments
2026-05-17T12:56:10.879Z - GET /images/Untitled-2.png
2026-05-17T12:56:14.191Z - GET /admin/donations
2026-05-17T12:56:14.326Z - GET /images/Untitled-2.png
2026-05-17T12:56:46.560Z - GET /admin/donations/download-csv?month=5&year=2026
2026-05-17T12:57:06.880Z - GET /admin/donations/report?month=3&year=2026
2026-05-17T12:57:06.924Z - GET /images/Untitled-2.png
2026-05-17T12:57:45.409Z - GET /logout
2026-05-17T12:57:45.423Z - GET /
2026-05-17T12:57:45.494Z - GET /images/Untitled-2.png
2026-05-17T12:57:45.505Z - GET /images/CAC03949.jpg
2026-05-17T12:57:45.535Z - GET /images/abodut-Image.jpg
2026-05-18T05:02:35.964Z - GET /
2026-05-18T05:02:36.181Z - GET /images/Untitled-2.png
2026-05-18T05:02:36.185Z - GET /images/CAC03949.jpg
2026-05-18T05:02:36.200Z - GET /images/abodut-Image.jpg
2026-05-18T05:02:37.324Z - GET /favicon.ico
2026-05-18T05:03:36.287Z - GET /donate?type=challenge
2026-05-18T05:03:36.453Z - GET /images/Untitled-2.png
2026-05-18T05:03:45.528Z - GET /
2026-05-18T05:03:45.683Z - GET /images/Untitled-2.png
2026-05-18T05:03:45.689Z - GET /images/CAC03949.jpg
2026-05-18T05:03:45.707Z - GET /images/abodut-Image.jpg
2026-05-18T05:04:04.360Z - GET /donate
2026-05-18T05:04:04.420Z - GET /images/Untitled-2.png
2026-05-18T05:04:21.689Z - GET /admission
2026-05-18T05:04:21.761Z - GET /images/Untitled-2.png
2026-05-18T05:04:21.767Z - GET /images/CAC03244.JPG
2026-05-18T05:04:21.778Z - GET /images/admition-3.jpg
2026-05-18T05:04:35.056Z - GET /login
2026-05-18T05:04:35.117Z - GET /images/CAC03949.jpg
2026-05-18T05:04:47.650Z - POST /login
2026-05-18T05:04:47.678Z - GET /admin
2026-05-18T05:04:48.193Z - GET /images/Untitled-2.png
2026-05-18T05:04:50.956Z - GET /admin/enrollments
2026-05-18T05:04:51.009Z - GET /images/Untitled-2.png
2026-05-18T05:04:54.251Z - GET /admin
2026-05-18T05:04:54.312Z - GET /images/Untitled-2.png
2026-05-18T05:04:55.579Z - GET /admin/messages
2026-05-18T05:04:55.626Z - GET /images/Untitled-2.png
2026-05-18T05:05:01.190Z - GET /admin/reading-corner
2026-05-18T05:05:01.250Z - GET /images/Untitled-2.png
2026-05-18T05:05:09.210Z - GET /admin
2026-05-18T05:05:09.266Z - GET /images/Untitled-2.png
2026-05-18T05:05:12.717Z - GET /admin/users
2026-05-18T05:05:12.770Z - GET /images/Untitled-2.png
2026-05-18T05:05:19.091Z - GET /admin/donations
2026-05-18T05:05:19.147Z - GET /images/Untitled-2.png
2026-05-18T05:06:03.245Z - GET /admin/donations/report?month=5&year=2026
2026-05-18T05:06:03.285Z - GET /images/Untitled-2.png
2026-05-18T05:06:23.200Z - GET /admin/enrollments
2026-05-18T05:06:23.248Z - GET /images/Untitled-2.png
2026-05-18T05:06:24.778Z - GET /admin/messages
2026-05-18T05:06:24.829Z - GET /images/Untitled-2.png
2026-05-18T05:06:31.130Z - GET /logout
2026-05-18T05:06:31.140Z - GET /
2026-05-18T05:06:31.197Z - GET /images/Untitled-2.png
2026-05-18T05:06:31.206Z - GET /images/CAC03949.jpg
2026-05-18T05:06:31.218Z - GET /images/abodut-Image.jpg
2026-05-18T05:06:38.337Z - GET /reading-corner
2026-05-18T05:06:38.403Z - GET /images/Untitled-2.png
2026-05-18T05:06:49.902Z - GET /
2026-05-18T05:06:49.950Z - GET /images/Untitled-2.png
2026-05-18T05:06:49.961Z - GET /images/CAC03949.jpg
2026-05-18T05:06:49.978Z - GET /images/abodut-Image.jpg
2026-05-18T05:07:02.414Z - GET /admission
2026-05-18T05:07:02.459Z - GET /images/Untitled-2.png
2026-05-18T05:07:02.465Z - GET /images/CAC03244.JPG
2026-05-18T05:07:02.479Z - GET /images/admition-3.jpg
2026-05-18T05:07:07.988Z - GET /images/admition-3.jpg
2026-05-18T05:07:29.757Z - GET /
2026-05-18T05:07:29.821Z - GET /images/Untitled-2.png
2026-05-18T05:07:29.826Z - GET /images/CAC03949.jpg
2026-05-18T05:07:29.831Z - GET /images/abodut-Image.jpg
2026-05-18T05:09:16.275Z - GET /
2026-05-18T05:09:16.322Z - GET /images/Untitled-2.png
2026-05-18T05:09:16.329Z - GET /images/CAC03949.jpg
2026-05-18T05:09:16.354Z - GET /images/abodut-Image.jpg
2026-05-18T10:11:33.690Z - GET /
2026-05-18T10:11:33.964Z - GET /images/Untitled-2.png
2026-05-18T10:11:33.969Z - GET /images/CAC03949.jpg
2026-05-18T10:11:34.075Z - GET /images/abodut-Image.jpg
2026-05-18T10:11:37.939Z - GET /favicon.ico
2026-05-18T10:14:57.588Z - GET /
2026-05-18T10:14:57.962Z - GET /images/Untitled-2.png
2026-05-18T10:14:57.980Z - GET /images/CAC03949.jpg
2026-05-18T10:14:58.017Z - GET /images/abodut-Image.jpg
2026-05-18T10:15:02.890Z - GET /favicon.ico
2026-05-18T10:17:27.156Z - GET /
2026-05-18T10:17:27.710Z - GET /images/CAC03949.jpg
2026-05-18T10:17:27.718Z - GET /images/Untitled-2.png
2026-05-18T10:17:27.892Z - GET /images/abodut-Image.jpg
2026-05-18T10:19:45.462Z - GET /donate
2026-05-18T10:19:45.661Z - GET /images/Untitled-2.png
2026-05-18T10:23:21.380Z - GET /donate
2026-05-18T10:23:21.473Z - GET /images/Untitled-2.png
2026-05-18T10:32:36.659Z - GET /donate
2026-05-18T10:32:36.777Z - GET /images/Untitled-2.png
2026-05-18T10:32:36.780Z - GET /images/CAC02790.JPG
2026-05-18T10:33:21.801Z - GET /
2026-05-18T10:33:22.014Z - GET /images/Untitled-2.png
2026-05-18T10:33:22.029Z - GET /images/CAC03949.jpg
2026-05-18T10:33:22.066Z - GET /images/abodut-Image.jpg
2026-05-18T10:36:31.677Z - GET /
2026-05-18T10:36:31.787Z - GET /images/Untitled-2.png
2026-05-18T10:36:31.790Z - GET /images/CAC03949.jpg
2026-05-18T10:36:31.804Z - GET /images/abodut-Image.jpg
2026-05-18T10:36:33.581Z - GET /favicon.ico
2026-05-18T10:40:40.095Z - GET /login
2026-05-18T10:40:40.244Z - GET /images/CAC03949.jpg
2026-05-18T10:40:57.166Z - GET /login
2026-05-18T10:40:57.250Z - GET /images/CAC03949.jpg
2026-05-18T10:40:58.751Z - POST /login
2026-05-18T10:40:58.787Z - GET /admin
2026-05-18T10:40:59.346Z - GET /images/Untitled-2.png
2026-05-18T10:41:01.509Z - GET /logout
2026-05-18T10:41:01.526Z - GET /
2026-05-18T10:41:01.613Z - GET /images/Untitled-2.png
2026-05-18T10:41:01.617Z - GET /images/CAC03949.jpg
2026-05-18T10:41:01.632Z - GET /images/abodut-Image.jpg
2026-05-18T10:43:18.964Z - GET /
2026-05-18T10:43:19.033Z - GET /images/Untitled-2.png
2026-05-18T10:43:19.041Z - GET /images/CAC03949.jpg
2026-05-18T10:43:19.047Z - GET /images/abodut-Image.jpg
2026-05-18T10:44:51.410Z - GET /donate?type=challenge
2026-05-18T10:44:51.492Z - GET /images/Untitled-2.png
2026-05-18T10:44:51.490Z - GET /images/CAC02790.JPG
2026-05-18T10:45:27.167Z - POST /donate
2026-05-18T10:45:27.235Z - GET /donate?success=true
2026-05-18T10:45:27.321Z - GET /images/Untitled-2.png
2026-05-18T10:45:27.323Z - GET /images/CAC02790.JPG
2026-05-18T10:46:03.380Z - GET /login
2026-05-18T10:46:03.450Z - GET /images/CAC03949.jpg
2026-05-18T10:46:13.823Z - POST /login
2026-05-18T10:46:13.839Z - GET /admin
2026-05-18T10:46:13.944Z - GET /images/Untitled-2.png
2026-05-18T10:46:17.691Z - GET /admin/donations
2026-05-18T10:46:17.794Z - GET /images/Untitled-2.png
2026-05-18T10:47:02.957Z - GET /admin/donations/report?month=1&year=2026
2026-05-18T10:47:03.019Z - GET /images/Untitled-2.png
2026-05-18T10:47:27.629Z - GET /logout
2026-05-18T10:47:27.642Z - GET /
2026-05-18T10:47:27.744Z - GET /images/Untitled-2.png
2026-05-18T10:47:27.746Z - GET /images/CAC03949.jpg
2026-05-18T10:47:27.778Z - GET /images/abodut-Image.jpg
2026-05-18T10:47:44.384Z - GET /
2026-05-18T10:47:44.502Z - GET /images/Untitled-2.png
2026-05-18T10:47:44.504Z - GET /images/CAC03949.jpg
2026-05-18T10:47:44.520Z - GET /images/abodut-Image.jpg
2026-05-18T10:52:17.949Z - GET /
2026-05-18T10:52:18.122Z - GET /images/Untitled-2.png
2026-05-18T10:52:18.125Z - GET /images/CAC03949.jpg
2026-05-18T10:52:18.170Z - GET /images/abodut-Image.jpg
2026-05-18T11:01:05.372Z - GET /
2026-05-18T11:01:05.449Z - GET /images/Untitled-2.png
2026-05-18T11:01:05.452Z - GET /images/CAC03949.jpg
2026-05-18T11:01:05.507Z - GET /images/abodut-Image.jpg
2026-05-18T11:04:44.809Z - GET /
2026-05-18T11:04:44.895Z - GET /images/Untitled-2.png
2026-05-18T11:04:44.897Z - GET /images/CAC03949.jpg
2026-05-18T11:04:44.954Z - GET /images/abodut-Image.jpg
2026-05-18T11:15:09.773Z - GET /
2026-05-18T11:15:09.866Z - GET /images/Untitled-2.png
2026-05-18T11:15:09.868Z - GET /images/CAC03949.jpg
2026-05-18T11:15:09.916Z - GET /images/abodut-Image.jpg
2026-05-18T11:19:39.910Z - GET /
2026-05-18T11:19:40.049Z - GET /images/Untitled-2.png
2026-05-18T11:19:40.052Z - GET /images/CAC03949.jpg
2026-05-18T11:19:40.137Z - GET /images/abodut-Image.jpg
2026-05-18T11:19:47.117Z - GET /
2026-05-18T11:19:47.256Z - GET /images/Untitled-2.png
2026-05-18T11:19:47.260Z - GET /images/CAC03949.jpg
2026-05-18T11:19:47.318Z - GET /images/abodut-Image.jpg
2026-05-18T11:26:24.188Z - GET /
2026-05-18T11:26:24.287Z - GET /images/Untitled-2.png
2026-05-18T11:26:24.289Z - GET /images/CAC03949.jpg
2026-05-18T11:26:24.344Z - GET /images/abodut-Image.jpg
2026-05-18T11:31:19.290Z - GET /
2026-05-18T11:31:19.410Z - GET /images/Untitled-2.png
2026-05-18T11:31:19.411Z - GET /images/CAC03949.jpg
2026-05-18T11:31:19.454Z - GET /images/abodut-Image.jpg
2026-05-18T11:35:39.334Z - GET /
2026-05-18T11:35:39.415Z - GET /images/Untitled-2.png
2026-05-18T11:35:39.417Z - GET /images/CAC03949.jpg
2026-05-18T11:35:39.449Z - GET /images/abodut-Image.jpg
2026-05-18T11:36:54.119Z - GET /
2026-05-18T11:36:54.244Z - GET /images/Untitled-2.png
2026-05-18T11:36:54.245Z - GET /images/CAC03949.jpg
2026-05-18T11:36:54.288Z - GET /images/abodut-Image.jpg
2026-05-18T11:39:03.082Z - GET /
2026-05-18T11:39:03.230Z - GET /images/Untitled-2.png
2026-05-18T11:39:03.234Z - GET /images/CAC03949.jpg
2026-05-18T11:39:03.272Z - GET /images/abodut-Image.jpg
2026-05-18T11:53:00.304Z - GET /
2026-05-18T11:53:00.511Z - GET /images/Untitled-2.png
2026-05-18T11:53:00.513Z - GET /images/CAC03949.jpg
2026-05-18T11:53:00.565Z - GET /images/abodut-Image.jpg
2026-05-18T11:56:21.508Z - GET /
2026-05-18T11:56:21.628Z - GET /images/Untitled-2.png
2026-05-18T11:56:21.630Z - GET /images/CAC03949.jpg
2026-05-18T11:56:21.679Z - GET /images/abodut-Image.jpg
2026-05-18T12:00:25.217Z - GET /
2026-05-18T12:00:25.361Z - GET /images/CAC03949.jpg
2026-05-18T12:00:25.365Z - GET /images/Untitled-2.png
2026-05-18T12:00:25.395Z - GET /images/abodut-Image.jpg
2026-05-18T12:01:01.947Z - GET /
2026-05-18T12:01:02.127Z - GET /images/Untitled-2.png
2026-05-18T12:01:02.130Z - GET /images/CAC03949.jpg
2026-05-18T12:01:02.150Z - GET /images/abodut-Image.jpg
2026-05-18T12:01:26.936Z - GET /donate
2026-05-18T12:01:27.052Z - GET /images/Untitled-2.png
2026-05-18T12:01:27.063Z - GET /images/CAC02790.JPG
2026-05-18T12:01:34.163Z - GET /admission
2026-05-18T12:01:34.254Z - GET /images/Untitled-2.png
2026-05-18T12:01:34.258Z - GET /images/CAC03244.JPG
2026-05-18T12:01:34.291Z - GET /images/admition-3.jpg
2026-05-18T12:01:40.323Z - GET /images/admition-3.jpg
2026-05-18T12:01:48.142Z - GET /login
2026-05-18T12:01:48.224Z - GET /images/CAC03949.jpg
2026-05-18T12:02:13.591Z - POST /login
2026-05-18T12:02:13.619Z - GET /admin
2026-05-18T12:02:13.853Z - GET /images/Untitled-2.png
2026-05-18T12:02:21.052Z - GET /admin/reading-corner
2026-05-18T12:02:21.152Z - GET /images/Untitled-2.png
2026-05-18T12:02:29.000Z - GET /admin/messages
2026-05-18T12:02:29.069Z - GET /images/Untitled-2.png
2026-05-18T12:02:31.267Z - GET /admin/enrollments
2026-05-18T12:02:31.317Z - GET /images/Untitled-2.png
2026-05-18T12:02:32.729Z - GET /admin/donations
2026-05-18T12:02:32.804Z - GET /images/Untitled-2.png
2026-05-18T12:02:35.881Z - GET /admin/donations/report?month=5&year=2026
2026-05-18T12:02:35.918Z - GET /images/Untitled-2.png
2026-05-18T12:04:14.233Z - GET /
2026-05-18T12:04:14.324Z - GET /images/Untitled-2.png
2026-05-18T12:04:14.331Z - GET /images/CAC03949.jpg
2026-05-18T12:04:14.418Z - GET /images/abodut-Image.jpg
2026-05-18T12:04:14.671Z - GET /
2026-05-18T12:04:14.756Z - GET /images/Untitled-2.png
2026-05-18T12:04:14.759Z - GET /images/CAC03949.jpg
2026-05-18T12:04:14.828Z - GET /images/abodut-Image.jpg
2026-05-18T12:09:48.324Z - GET /
2026-05-18T12:09:48.406Z - GET /images/Untitled-2.png
2026-05-18T12:09:48.408Z - GET /images/CAC03949.jpg
2026-05-18T12:09:48.454Z - GET /images/abodut-Image.jpg
2026-05-18T12:09:48.456Z - GET /images/CAC03244.JPG
2026-05-18T12:11:53.712Z - GET /
2026-05-18T12:11:53.813Z - GET /images/Untitled-2.png
2026-05-18T12:11:53.816Z - GET /images/CAC03949.jpg
2026-05-18T12:11:53.844Z - GET /images/abodut-Image.jpg
2026-05-18T12:13:08.113Z - GET /
2026-05-18T12:13:08.208Z - GET /images/Untitled-2.png
2026-05-18T12:13:08.210Z - GET /images/CAC03949.jpg
2026-05-18T12:13:08.258Z - GET /images/abodut-Image.jpg
2026-05-18T12:14:24.604Z - GET /
2026-05-18T12:14:24.748Z - GET /images/Untitled-2.png
2026-05-18T12:14:24.766Z - GET /images/CAC03949.jpg
2026-05-18T12:14:24.789Z - GET /images/abodut-Image.jpg
2026-05-18T12:15:59.251Z - GET /
2026-05-18T12:15:59.379Z - GET /images/Untitled-2.png
2026-05-18T12:15:59.381Z - GET /images/CAC03949.jpg
2026-05-18T12:15:59.436Z - GET /images/abodut-Image.jpg
2026-05-18T12:15:59.451Z - GET /images/CAC02790.JPG
2026-05-18T12:40:40.069Z - GET /
2026-05-18T12:40:40.257Z - GET /images/CAC03949.jpg
2026-05-18T12:40:40.259Z - GET /images/Untitled-2.png
2026-05-18T12:40:40.295Z - GET /images/CAC02790.JPG
2026-05-18T12:40:40.301Z - GET /images/abodut-Image.jpg
2026-05-18T13:00:10.114Z - GET /donate?type=general&amount=111
2026-05-18T13:00:10.591Z - GET /images/Untitled-2.png
2026-05-18T13:00:10.597Z - GET /images/CAC02790.JPG
2026-05-18T13:00:26.973Z - GET /
2026-05-18T13:00:27.148Z - GET /images/Untitled-2.png
2026-05-18T13:00:27.151Z - GET /images/CAC03949.jpg
2026-05-18T13:00:27.176Z - GET /images/abodut-Image.jpg
2026-05-18T13:00:27.183Z - GET /images/CAC02790.JPG
2026-05-18T13:00:48.216Z - GET /donate
2026-05-18T13:00:48.273Z - GET /images/Untitled-2.png
2026-05-18T13:00:48.275Z - GET /images/CAC02790.JPG
2026-05-18T13:00:51.768Z - GET /
2026-05-18T13:00:51.838Z - GET /images/Untitled-2.png
2026-05-18T13:00:51.843Z - GET /images/CAC03949.jpg
2026-05-18T13:00:51.863Z - GET /images/CAC02790.JPG
2026-05-18T13:00:51.865Z - GET /images/abodut-Image.jpg
2026-05-18T13:02:53.286Z - GET /
2026-05-18T13:02:53.381Z - GET /images/Untitled-2.png
2026-05-18T13:02:53.383Z - GET /images/CAC03949.jpg
2026-05-18T13:02:53.423Z - GET /images/abodut-Image.jpg
2026-05-18T13:02:53.424Z - GET /images/CAC02790.JPG
2026-05-18T13:05:47.101Z - GET /
2026-05-18T13:05:47.534Z - GET /images/Untitled-2.png
2026-05-18T13:05:47.536Z - GET /images/CAC03949.jpg
2026-05-18T13:05:47.572Z - GET /images/CAC02790.JPG
2026-05-18T13:05:47.573Z - GET /images/abodut-Image.jpg
2026-05-18T13:05:57.341Z - GET /
2026-05-18T13:05:57.461Z - GET /images/Untitled-2.png
2026-05-18T13:05:57.465Z - GET /images/CAC03949.jpg
2026-05-18T13:05:57.481Z - GET /images/CAC02790.JPG
2026-05-18T13:05:57.483Z - GET /images/abodut-Image.jpg
2026-05-18T13:22:09.571Z - GET /
2026-05-18T13:22:09.856Z - GET /images/Untitled-2.png
2026-05-18T13:22:09.861Z - GET /images/CAC03949.jpg
2026-05-18T13:22:09.904Z - GET /images/CAC02790.JPG
2026-05-18T13:22:09.905Z - GET /images/abodut-Image.jpg
2026-05-18T17:08:59.544Z - GET /
2026-05-18T17:08:59.839Z - GET /images/Untitled-2.png
2026-05-18T17:08:59.842Z - GET /images/CAC03949.jpg
2026-05-18T17:08:59.881Z - GET /images/CAC02790.JPG
2026-05-18T17:08:59.926Z - GET /images/abodut-Image.jpg
2026-05-18T17:09:01.942Z - GET /favicon.ico
2026-05-18T17:10:34.394Z - GET /admission
2026-05-18T17:10:34.524Z - GET /images/Untitled-2.png
2026-05-18T17:10:34.526Z - GET /images/CAC03244.JPG
2026-05-18T17:10:34.683Z - GET /images/admition-3.jpg
2026-05-18T17:10:57.485Z - GET /login
2026-05-18T17:10:57.657Z - GET /images/CAC03949.jpg
2026-05-18T17:11:14.165Z - POST /login
2026-05-18T17:11:14.195Z - GET /admin
2026-05-18T17:11:14.725Z - GET /images/Untitled-2.png
2026-05-18T17:11:32.878Z - GET /admin/reading-corner
2026-05-18T17:11:32.967Z - GET /images/Untitled-2.png
2026-05-18T17:11:38.992Z - GET /admin/messages
2026-05-18T17:11:39.061Z - GET /images/Untitled-2.png
2026-05-18T17:11:40.186Z - GET /admin/enrollments
2026-05-18T17:11:40.279Z - GET /images/Untitled-2.png
2026-05-18T17:11:43.571Z - GET /admin/donations
2026-05-18T17:11:43.775Z - GET /images/Untitled-2.png
2026-05-18T17:11:48.134Z - GET /admin/donations/report?month=5&year=2026
2026-05-18T17:11:48.176Z - GET /images/Untitled-2.png
2026-05-18T17:12:00.844Z - GET /logout
2026-05-18T17:12:00.855Z - GET /
2026-05-18T17:12:01.011Z - GET /images/Untitled-2.png
2026-05-18T17:12:01.018Z - GET /images/CAC03949.jpg
2026-05-18T17:12:01.040Z - GET /images/CAC02790.JPG
2026-05-18T17:12:01.043Z - GET /images/abodut-Image.jpg
2026-05-18T17:14:30.101Z - GET /
2026-05-18T17:14:30.189Z - GET /images/Untitled-2.png
2026-05-18T17:14:30.193Z - GET /images/CAC03949.jpg
2026-05-18T17:14:30.247Z - GET /images/CAC02790.JPG
2026-05-18T17:14:30.249Z - GET /images/abodut-Image.jpg
2026-05-18T17:14:31.743Z - GET /
2026-05-18T17:14:31.817Z - GET /images/Untitled-2.png
2026-05-18T17:14:31.819Z - GET /images/CAC03949.jpg
2026-05-18T17:14:31.854Z - GET /images/CAC02790.JPG
2026-05-18T17:14:31.858Z - GET /images/abodut-Image.jpg
2026-05-18T17:14:34.558Z - GET /
2026-05-18T17:14:34.647Z - GET /images/Untitled-2.png
2026-05-18T17:14:34.649Z - GET /images/CAC03949.jpg
2026-05-18T17:14:34.693Z - GET /images/CAC02790.JPG
2026-05-18T17:14:34.697Z - GET /images/abodut-Image.jpg
2026-05-18T17:14:46.411Z - GET /
2026-05-18T17:14:46.495Z - GET /images/Untitled-2.png
2026-05-18T17:14:46.499Z - GET /images/CAC03949.jpg
2026-05-18T17:14:46.529Z - GET /images/CAC02790.JPG
2026-05-18T17:14:46.533Z - GET /images/abodut-Image.jpg
2026-05-18T17:14:52.366Z - GET /donate
2026-05-18T17:14:52.432Z - GET /images/Untitled-2.png
2026-05-18T17:14:52.434Z - GET /images/CAC02790.JPG
2026-05-18T17:15:26.252Z - GET /
2026-05-18T17:15:26.316Z - GET /images/Untitled-2.png
2026-05-18T17:15:26.324Z - GET /images/CAC03949.jpg
2026-05-18T17:15:26.353Z - GET /images/CAC02790.JPG
2026-05-18T17:15:26.356Z - GET /images/abodut-Image.jpg
2026-05-18T17:15:56.008Z - GET /reading-corner
2026-05-18T17:15:56.099Z - GET /images/Untitled-2.png
2026-05-18T17:16:09.434Z - GET /
2026-05-18T17:16:09.507Z - GET /images/Untitled-2.png
2026-05-18T17:16:09.520Z - GET /images/CAC03949.jpg
2026-05-18T17:16:09.561Z - GET /images/CAC02790.JPG
2026-05-18T17:16:09.564Z - GET /images/abodut-Image.jpg
2026-05-18T17:17:51.653Z - GET /
2026-05-18T17:17:52.005Z - GET /images/Untitled-2.png
2026-05-18T17:17:52.012Z - GET /images/CAC03949.jpg
2026-05-18T17:17:52.040Z - GET /images/CAC02790.JPG
2026-05-18T17:17:52.083Z - GET /images/abodut-Image.jpg
2026-05-18T17:47:28.137Z - GET /
2026-05-18T17:47:28.546Z - GET /images/Untitled-2.png
2026-05-18T17:47:28.553Z - GET /images/CAC03949.jpg
2026-05-18T17:47:28.632Z - GET /images/CAC02790.JPG
2026-05-18T17:47:28.674Z - GET /images/abodut-Image.jpg
2026-05-18T17:47:34.403Z - GET /
2026-05-18T17:47:34.581Z - GET /images/Untitled-2.png
2026-05-18T17:47:34.591Z - GET /images/CAC03949.jpg
2026-05-18T17:47:34.625Z - GET /images/CAC02790.JPG
2026-05-18T17:47:34.629Z - GET /images/abodut-Image.jpg
2026-05-19T07:04:42.698Z - GET /
2026-05-19T07:04:42.950Z - GET /images/Untitled-2.png
2026-05-19T07:04:42.954Z - GET /images/CAC03949.jpg
2026-05-19T07:04:43.016Z - GET /images/CAC02790.JPG
2026-05-19T07:04:43.026Z - GET /images/abodut-Image.jpg
2026-05-19T07:04:45.476Z - GET /favicon.ico
2026-05-19T07:22:46.087Z - GET /
2026-05-19T07:22:46.435Z - GET /images/Untitled-2.png
2026-05-19T07:22:46.441Z - GET /images/CAC03949.jpg
2026-05-19T07:22:46.491Z - GET /images/CAC02790.JPG
2026-05-19T07:22:46.499Z - GET /images/abodut-Image.jpg
2026-05-19T07:23:01.383Z - GET /album
2026-05-19T07:23:01.486Z - GET /images/Untitled-2.png
2026-05-19T07:23:08.323Z - GET /admin
2026-05-19T07:23:08.376Z - GET /login
2026-05-19T07:23:08.466Z - GET /images/CAC03949.jpg
2026-05-19T07:23:21.380Z - POST /login
2026-05-19T07:23:21.394Z - GET /admin
2026-05-19T07:23:21.808Z - GET /images/Untitled-2.png
2026-05-19T07:23:25.002Z - GET /admin/album
2026-05-19T07:23:25.073Z - GET /images/Untitled-2.png
2026-05-19T07:24:01.826Z - POST /admin/album/upload
2026-05-19T07:24:02.052Z - GET /admin/album?success=photo_uploaded
2026-05-19T07:24:02.196Z - GET /images/Untitled-2.png
2026-05-19T07:24:02.221Z - GET /images/album/1779175441843.jpg
2026-05-19T07:24:09.172Z - GET /
2026-05-19T07:24:09.251Z - GET /images/Untitled-2.png
2026-05-19T07:24:09.260Z - GET /images/CAC03949.jpg
2026-05-19T07:24:09.306Z - GET /images/CAC02790.JPG
2026-05-19T07:24:09.324Z - GET /images/abodut-Image.jpg
2026-05-19T07:24:09.330Z - GET /images/album/1779175441843.jpg
2026-05-19T07:24:20.356Z - GET /album
2026-05-19T07:24:20.427Z - GET /images/Untitled-2.png
2026-05-19T07:24:20.431Z - GET /images/album/1779175441843.jpg
2026-05-19T07:24:32.046Z - GET /
2026-05-19T07:24:32.135Z - GET /images/Untitled-2.png
2026-05-19T07:24:32.143Z - GET /images/CAC03949.jpg
2026-05-19T07:24:32.167Z - GET /images/CAC02790.JPG
2026-05-19T07:24:32.174Z - GET /images/abodut-Image.jpg
2026-05-19T07:24:32.177Z - GET /images/album/1779175441843.jpg
2026-05-19T07:24:41.059Z - GET /login
2026-05-19T07:24:41.125Z - GET /images/CAC03949.jpg
2026-05-19T07:24:50.506Z - POST /login
2026-05-19T07:24:50.517Z - GET /admin
2026-05-19T07:24:50.632Z - GET /images/Untitled-2.png
2026-05-19T07:24:53.362Z - GET /admin/album
2026-05-19T07:24:53.439Z - GET /images/Untitled-2.png
2026-05-19T07:24:53.449Z - GET /images/album/1779175441843.jpg
2026-05-19T07:24:57.461Z - POST /admin/album/delete/6a0c1011c51f29f8c41f2f16
2026-05-19T07:24:57.510Z - GET /admin/album?success=photo_deleted
2026-05-19T07:24:57.594Z - GET /images/Untitled-2.png
2026-05-19T07:36:58.614Z - GET /
2026-05-19T07:36:58.776Z - GET /images/Untitled-2.png
2026-05-19T07:36:58.778Z - GET /images/CAC03949.jpg
2026-05-19T07:36:58.862Z - GET /images/CAC02790.JPG
2026-05-19T07:36:58.868Z - GET /images/abodut-Image.jpg
2026-05-19T07:37:10.387Z - GET /
2026-05-19T07:37:10.542Z - GET /images/Untitled-2.png
2026-05-19T07:37:10.556Z - GET /images/CAC03949.jpg
2026-05-19T07:37:10.595Z - GET /images/CAC02790.JPG
2026-05-19T07:37:10.597Z - GET /images/abodut-Image.jpg
2026-05-19T07:37:28.543Z - GET /
2026-05-19T07:37:28.637Z - GET /images/Untitled-2.png
2026-05-19T07:37:28.645Z - GET /images/CAC03949.jpg
2026-05-19T07:37:28.664Z - GET /images/CAC02790.JPG
2026-05-19T07:37:28.670Z - GET /images/abodut-Image.jpg
2026-05-19T07:42:22.656Z - GET /
2026-05-19T07:42:22.772Z - GET /images/Untitled-2.png
2026-05-19T07:42:22.777Z - GET /images/CAC03949.jpg
2026-05-19T07:42:22.940Z - GET /images/CAC02790.JPG
2026-05-19T07:42:22.954Z - GET /images/abodut-Image.jpg
2026-05-19T07:42:43.381Z - GET /donate
2026-05-19T07:42:43.455Z - GET /images/Untitled-2.png
2026-05-19T07:42:43.459Z - GET /images/CAC02790.JPG
2026-05-19T07:45:10.594Z - GET /donate
2026-05-19T07:45:10.648Z - GET /images/Untitled-2.png
2026-05-19T07:45:10.650Z - GET /images/CAC02790.JPG
2026-05-19T07:45:18.584Z - GET /
2026-05-19T07:45:18.734Z - GET /images/Untitled-2.png
2026-05-19T07:45:18.737Z - GET /images/CAC03949.jpg
2026-05-19T07:45:18.819Z - GET /images/CAC02790.JPG
2026-05-19T07:45:18.821Z - GET /images/abodut-Image.jpg
2026-05-19T07:48:31.451Z - GET /
2026-05-19T07:48:31.535Z - GET /images/Untitled-2.png
2026-05-19T07:48:31.537Z - GET /images/CAC03949.jpg
2026-05-19T07:48:31.579Z - GET /images/CAC02790.JPG
2026-05-19T07:48:31.585Z - GET /images/abodut-Image.jpg
2026-05-19T07:54:55.717Z - GET /
2026-05-19T07:54:55.920Z - GET /images/Untitled-2.png
2026-05-19T07:54:55.922Z - GET /images/CAC03949.jpg
2026-05-19T07:54:55.944Z - GET /images/CAC02790.JPG
2026-05-19T07:54:55.945Z - GET /images/abodut-Image.jpg
2026-05-19T07:55:30.396Z - GET /
2026-05-19T07:55:30.536Z - GET /images/Untitled-2.png
2026-05-19T07:55:30.540Z - GET /images/CAC03949.jpg
2026-05-19T07:55:30.615Z - GET /images/CAC02790.JPG
2026-05-19T07:55:30.618Z - GET /images/abodut-Image.jpg
2026-05-19T07:55:58.647Z - GET /
2026-05-19T07:55:58.748Z - GET /images/Untitled-2.png
2026-05-19T07:55:58.750Z - GET /images/CAC03949.jpg
2026-05-19T07:55:58.802Z - GET /images/CAC02790.JPG
2026-05-19T07:55:58.819Z - GET /images/abodut-Image.jpg
2026-05-19T07:56:00.590Z - GET /favicon.ico
2026-05-19T07:56:14.513Z - GET /donate?type=challenge
2026-05-19T07:56:14.579Z - GET /images/Untitled-2.png
2026-05-19T07:56:14.584Z - GET /images/CAC02790.JPG
2026-05-19T07:56:23.436Z - GET /
2026-05-19T07:56:23.516Z - GET /images/Untitled-2.png
2026-05-19T07:56:23.518Z - GET /images/CAC03949.jpg
2026-05-19T07:56:23.533Z - GET /images/CAC02790.JPG
2026-05-19T07:56:23.535Z - GET /images/abodut-Image.jpg
2026-05-19T08:05:47.071Z - GET /
2026-05-19T08:05:47.160Z - GET /images/Untitled-2.png
2026-05-19T08:05:47.162Z - GET /images/CAC03949.jpg
2026-05-19T08:05:47.222Z - GET /images/CAC02790.JPG
2026-05-19T08:05:47.224Z - GET /images/abodut-Image.jpg
2026-05-19T10:15:06.123Z - GET /
2026-05-19T10:15:06.545Z - GET /images/Untitled-2.png
2026-05-19T10:15:06.550Z - GET /images/CAC03949.jpg
2026-05-19T10:15:06.675Z - GET /images/CAC02790.JPG
2026-05-19T10:15:06.710Z - GET /images/abodut-Image.jpg
2026-05-19T10:15:08.501Z - GET /favicon.ico
2026-05-19T10:17:21.108Z - GET /
2026-05-19T10:17:21.200Z - GET /images/CAC03949.jpg
2026-05-19T10:17:21.206Z - GET /images/Untitled-2.png
2026-05-19T10:17:21.371Z - GET /images/CAC02790.JPG
2026-05-19T10:17:21.373Z - GET /images/abodut-Image.jpg
2026-05-19T10:17:26.824Z - GET /
2026-05-19T10:17:26.942Z - GET /images/Untitled-2.png
2026-05-19T10:17:26.951Z - GET /images/CAC03949.jpg
2026-05-19T10:17:26.968Z - GET /images/CAC02790.JPG
2026-05-19T10:17:26.971Z - GET /images/abodut-Image.jpg
2026-05-19T10:20:16.218Z - GET /
2026-05-19T10:20:16.316Z - GET /images/Untitled-2.png
2026-05-19T10:20:16.318Z - GET /images/CAC03949.jpg
2026-05-19T10:20:16.375Z - GET /images/CAC02790.JPG
2026-05-19T10:20:16.379Z - GET /images/abodut-Image.jpg
2026-05-19T10:20:24.996Z - GET /album
2026-05-19T10:20:25.092Z - GET /images/Untitled-2.png
2026-05-19T10:21:35.293Z - GET /
2026-05-19T10:21:35.409Z - GET /images/Untitled-2.png
2026-05-19T10:21:35.411Z - GET /images/CAC03949.jpg
2026-05-19T10:21:35.470Z - GET /images/CAC02790.JPG
2026-05-19T10:21:35.472Z - GET /images/abodut-Image.jpg
2026-05-19T10:22:10.565Z - GET /
2026-05-19T10:22:10.711Z - GET /images/Untitled-2.png
2026-05-19T10:22:10.738Z - GET /images/CAC03949.jpg
2026-05-19T10:22:10.759Z - GET /images/CAC02790.JPG
2026-05-19T10:22:10.767Z - GET /images/abodut-Image.jpg
2026-05-19T10:22:16.250Z - GET /login
2026-05-19T10:22:16.342Z - GET /images/CAC03949.jpg
2026-05-19T10:22:24.631Z - POST /login
2026-05-19T10:22:24.663Z - GET /admin
2026-05-19T10:22:25.252Z - GET /images/Untitled-2.png
2026-05-19T10:22:30.507Z - GET /logout
2026-05-19T10:22:30.518Z - GET /
2026-05-19T10:22:30.649Z - GET /images/Untitled-2.png
2026-05-19T10:22:30.660Z - GET /images/CAC03949.jpg
2026-05-19T10:22:30.720Z - GET /images/CAC02790.JPG
2026-05-19T10:22:30.724Z - GET /images/abodut-Image.jpg
2026-05-19T10:23:15.223Z - GET /
2026-05-19T10:23:15.364Z - GET /images/Untitled-2.png
2026-05-19T10:23:15.368Z - GET /images/CAC03949.jpg
2026-05-19T10:23:15.385Z - GET /images/CAC02790.JPG
2026-05-19T10:23:15.387Z - GET /images/abodut-Image.jpg
2026-05-19T10:24:36.705Z - GET /
2026-05-19T10:24:36.847Z - GET /images/Untitled-2.png
2026-05-19T10:24:36.849Z - GET /images/CAC03949.jpg
2026-05-19T10:24:36.916Z - GET /images/CAC02790.JPG
2026-05-19T10:24:36.919Z - GET /images/abodut-Image.jpg
2026-05-19T10:24:51.319Z - GET /
2026-05-19T10:24:51.416Z - GET /images/Untitled-2.png
2026-05-19T10:24:51.418Z - GET /images/CAC03949.jpg
2026-05-19T10:24:51.488Z - GET /images/CAC02790.JPG
2026-05-19T10:24:51.501Z - GET /images/abodut-Image.jpg
2026-05-19T10:24:53.296Z - GET /favicon.ico
2026-05-19T10:25:09.475Z - GET /admin
2026-05-19T10:25:09.495Z - GET /login
2026-05-19T10:25:09.539Z - GET /images/CAC03949.jpg
2026-05-19T10:25:11.816Z - GET /album
2026-05-19T10:25:11.894Z - GET /images/Untitled-2.png
2026-05-19T10:31:03.605Z - GET /album
2026-05-19T10:31:03.830Z - GET /images/Untitled-2.png
2026-05-19T10:31:05.088Z - GET /favicon.ico
2026-05-19T10:32:15.628Z - GET /login
2026-05-19T10:32:15.699Z - GET /images/CAC03949.jpg
2026-05-19T10:32:18.478Z - POST /login
2026-05-19T10:32:18.501Z - GET /admin
2026-05-19T10:32:18.728Z - GET /images/Untitled-2.png
2026-05-19T10:32:20.675Z - GET /admin/album
2026-05-19T10:32:20.778Z - GET /images/Untitled-2.png
2026-05-19T10:33:45.243Z - POST /admin/album/upload
2026-05-19T10:33:45.571Z - GET /admin/album?success=photo_uploaded
2026-05-19T10:33:45.719Z - GET /images/Untitled-2.png
2026-05-19T10:33:45.728Z - GET /images/album/1779186825303.jpg
2026-05-19T10:33:51.745Z - GET /
2026-05-19T10:33:51.834Z - GET /images/Untitled-2.png
2026-05-19T10:33:51.837Z - GET /images/CAC03949.jpg
2026-05-19T10:33:51.860Z - GET /images/CAC02790.JPG
2026-05-19T10:33:51.867Z - GET /images/album/1779186825303.jpg
2026-05-19T10:33:51.868Z - GET /images/abodut-Image.jpg
2026-05-19T10:34:02.191Z - GET /album
2026-05-19T10:34:02.327Z - GET /images/Untitled-2.png
2026-05-19T10:34:02.337Z - GET /images/album/1779186825303.jpg
2026-05-19T10:36:06.353Z - GET /
2026-05-19T10:36:06.421Z - GET /images/Untitled-2.png
2026-05-19T10:36:06.427Z - GET /images/CAC03949.jpg
2026-05-19T10:36:06.458Z - GET /images/CAC02790.JPG
2026-05-19T10:36:06.462Z - GET /images/abodut-Image.jpg
2026-05-19T10:36:06.464Z - GET /images/album/1779186825303.jpg
2026-05-19T10:36:15.254Z - GET /album
2026-05-19T10:36:15.317Z - GET /images/Untitled-2.png
2026-05-19T10:36:15.325Z - GET /images/album/1779186825303.jpg
2026-05-19T10:37:51.518Z - GET /album
2026-05-19T10:37:51.587Z - GET /images/Untitled-2.png
2026-05-19T10:37:51.590Z - GET /images/album/1779186825303.jpg
2026-05-19T10:38:00.224Z - GET /
2026-05-19T10:38:00.345Z - GET /images/Untitled-2.png
2026-05-19T10:38:00.356Z - GET /images/CAC03949.jpg
2026-05-19T10:38:00.370Z - GET /images/CAC02790.JPG
2026-05-19T10:38:00.375Z - GET /images/abodut-Image.jpg
2026-05-19T10:38:00.379Z - GET /images/album/1779186825303.jpg
2026-05-19T10:42:35.672Z - GET /
2026-05-19T10:42:35.741Z - GET /images/Untitled-2.png
2026-05-19T10:42:35.748Z - GET /images/CAC03949.jpg
2026-05-19T10:42:35.772Z - GET /images/CAC02790.JPG
2026-05-19T10:42:35.775Z - GET /images/abodut-Image.jpg
2026-05-19T10:42:35.776Z - GET /images/album/1779186825303.jpg
2026-05-19T10:43:02.211Z - GET /
2026-05-19T10:43:02.315Z - GET /images/CAC03949.jpg
2026-05-19T10:43:02.316Z - GET /images/Untitled-2.png
2026-05-19T10:43:02.565Z - GET /images/CAC02790.JPG
2026-05-19T10:43:02.581Z - GET /images/abodut-Image.jpg
2026-05-19T10:43:02.683Z - GET /images/album/1779186825303.jpg
2026-05-19T10:43:29.212Z - GET /
2026-05-19T10:43:29.458Z - GET /images/Untitled-2.png
2026-05-19T10:43:29.464Z - GET /images/CAC03949.jpg
2026-05-19T10:43:29.572Z - GET /images/CAC02790.JPG
2026-05-19T10:43:29.578Z - GET /images/abodut-Image.jpg
2026-05-19T10:43:29.664Z - GET /images/album/1779186825303.jpg
2026-05-19T10:43:31.779Z - GET /favicon.ico
2026-05-19T10:43:38.513Z - GET /
2026-05-19T10:43:38.642Z - GET /images/Untitled-2.png
2026-05-19T10:43:38.646Z - GET /images/CAC03949.jpg
2026-05-19T10:43:38.687Z - GET /images/CAC02790.JPG
2026-05-19T10:43:38.689Z - GET /images/abodut-Image.jpg
2026-05-19T10:43:38.691Z - GET /images/album/1779186825303.jpg
2026-05-19T10:43:48.360Z - GET /reading-corner
2026-05-19T10:43:48.446Z - GET /images/Untitled-2.png
2026-05-19T10:46:41.049Z - GET /
2026-05-19T10:46:41.372Z - GET /images/CAC03949.jpg
2026-05-19T10:46:41.386Z - GET /images/Untitled-2.png
2026-05-19T10:46:41.468Z - GET /images/CAC02790.JPG
2026-05-19T10:46:41.508Z - GET /images/abodut-Image.jpg
2026-05-19T10:46:41.565Z - GET /images/album/1779186825303.jpg
2026-05-19T10:46:43.265Z - GET /favicon.ico
2026-05-19T10:46:52.093Z - GET /album
2026-05-19T10:46:52.276Z - GET /images/Untitled-2.png
2026-05-19T10:46:52.284Z - GET /images/album/1779186825303.jpg
2026-05-19T10:48:39.585Z - GET /
2026-05-19T10:48:39.669Z - GET /images/Untitled-2.png
2026-05-19T10:48:39.671Z - GET /images/CAC03949.jpg
2026-05-19T10:48:39.742Z - GET /images/CAC02790.JPG
2026-05-19T10:48:39.747Z - GET /images/abodut-Image.jpg
2026-05-19T10:48:39.750Z - GET /images/album/1779186825303.jpg
2026-05-19T10:48:42.221Z - GET /
2026-05-19T10:48:42.367Z - GET /images/Untitled-2.png
2026-05-19T10:48:42.371Z - GET /images/CAC03949.jpg
2026-05-19T10:48:42.394Z - GET /images/CAC02790.JPG
2026-05-19T10:48:42.400Z - GET /images/abodut-Image.jpg
2026-05-19T10:48:42.402Z - GET /images/album/1779186825303.jpg
2026-05-19T10:48:47.289Z - GET /
2026-05-19T10:48:47.438Z - GET /images/Untitled-2.png
2026-05-19T10:48:47.441Z - GET /images/CAC03949.jpg
2026-05-19T10:48:47.470Z - GET /images/CAC02790.JPG
2026-05-19T10:48:47.473Z - GET /images/abodut-Image.jpg
2026-05-19T10:48:47.475Z - GET /images/album/1779186825303.jpg
2026-05-19T10:49:05.521Z - GET /
2026-05-19T10:49:05.656Z - GET /images/Untitled-2.png
2026-05-19T10:49:05.660Z - GET /images/CAC03949.jpg
2026-05-19T10:49:05.683Z - GET /images/CAC02790.JPG
2026-05-19T10:49:05.692Z - GET /images/abodut-Image.jpg
2026-05-19T10:49:05.697Z - GET /images/album/1779186825303.jpg
2026-05-19T10:49:32.437Z - GET /
2026-05-19T10:49:32.701Z - GET /images/Untitled-2.png
2026-05-19T10:49:32.706Z - GET /images/CAC03949.jpg
2026-05-19T10:49:32.719Z - GET /images/CAC02790.JPG
2026-05-19T10:49:32.723Z - GET /images/abodut-Image.jpg
2026-05-19T10:49:32.733Z - GET /images/album/1779186825303.jpg
2026-05-19T10:51:23.722Z - GET /
2026-05-19T10:51:23.989Z - GET /images/Untitled-2.png
2026-05-19T10:51:24.005Z - GET /images/CAC03949.jpg
2026-05-19T10:51:24.075Z - GET /images/CAC02790.JPG
2026-05-19T10:51:24.082Z - GET /images/abodut-Image.jpg
2026-05-19T10:51:24.085Z - GET /images/album/1779186825303.jpg
2026-05-19T11:00:45.196Z - GET /
2026-05-19T11:00:45.379Z - GET /images/Untitled-2.png
2026-05-19T11:00:45.399Z - GET /images/CAC03949.jpg
2026-05-19T11:00:45.502Z - GET /images/CAC02790.JPG
2026-05-19T11:00:45.508Z - GET /images/album/1779186825303.jpg
2026-05-19T11:00:45.510Z - GET /images/abodut-Image.jpg
2026-05-19T11:01:07.761Z - GET /login
2026-05-19T11:01:07.830Z - GET /images/CAC03949.jpg
2026-05-19T11:01:18.103Z - POST /login
2026-05-19T11:01:18.121Z - GET /admin
2026-05-19T11:01:18.637Z - GET /images/Untitled-2.png
2026-05-19T11:04:22.681Z - GET /login
2026-05-19T11:04:22.741Z - GET /images/CAC03949.jpg
2026-05-19T11:04:24.215Z - GET /favicon.ico
2026-05-19T11:04:55.388Z - POST /login
2026-05-19T11:04:55.423Z - GET /admin
2026-05-19T11:04:55.567Z - GET /images/Untitled-2.png
2026-05-19T11:05:09.906Z - GET /admin/videos
2026-05-19T11:05:13.627Z - GET /admin
2026-05-19T11:05:13.788Z - GET /images/Untitled-2.png
2026-05-19T11:05:18.040Z - GET /admin/video
2026-05-19T11:05:21.275Z - GET /
2026-05-19T11:05:21.426Z - GET /images/Untitled-2.png
2026-05-19T11:05:21.432Z - GET /images/CAC03949.jpg
2026-05-19T11:05:21.469Z - GET /images/CAC02790.JPG
2026-05-19T11:05:21.486Z - GET /images/abodut-Image.jpg
2026-05-19T11:05:21.488Z - GET /images/album/1779186825303.jpg
2026-05-19T11:05:58.305Z - GET /admin/manage-videos
2026-05-19T11:06:05.105Z - GET /admin/videos-manage
2026-05-19T11:06:08.388Z - GET /admin/album
2026-05-19T11:06:08.534Z - GET /images/Untitled-2.png
2026-05-19T11:06:08.541Z - GET /images/album/1779186825303.jpg
2026-05-19T11:06:15.650Z - GET /admin/youtube
2026-05-19T11:06:19.096Z - GET /
2026-05-19T11:06:19.231Z - GET /images/Untitled-2.png
2026-05-19T11:06:19.238Z - GET /images/CAC03949.jpg
2026-05-19T11:06:19.261Z - GET /images/CAC02790.JPG
2026-05-19T11:06:19.273Z - GET /images/abodut-Image.jpg
2026-05-19T11:06:19.276Z - GET /images/album/1779186825303.jpg
2026-05-19T11:06:57.551Z - GET /login
2026-05-19T11:06:57.690Z - GET /images/CAC03949.jpg
2026-05-19T11:07:05.799Z - POST /login
2026-05-19T11:07:05.831Z - GET /admin
2026-05-19T11:07:05.981Z - GET /images/Untitled-2.png
2026-05-19T11:07:29.672Z - GET /admin
2026-05-19T11:07:29.749Z - GET /images/Untitled-2.png
2026-05-19T11:07:37.152Z - GET /admin/users
2026-05-19T11:07:37.210Z - GET /images/Untitled-2.png
2026-05-19T11:07:39.568Z - GET /admin
2026-05-19T11:07:39.643Z - GET /images/Untitled-2.png
2026-05-19T11:07:58.391Z - GET /logout
2026-05-19T11:07:58.401Z - GET /
2026-05-19T11:07:58.482Z - GET /images/Untitled-2.png
2026-05-19T11:07:58.487Z - GET /images/CAC03949.jpg
2026-05-19T11:07:58.501Z - GET /images/CAC02790.JPG
2026-05-19T11:07:58.505Z - GET /images/abodut-Image.jpg
2026-05-19T11:07:58.508Z - GET /images/album/1779186825303.jpg
2026-05-19T11:08:00.450Z - GET /
2026-05-19T11:08:00.596Z - GET /images/Untitled-2.png
2026-05-19T11:08:00.603Z - GET /images/CAC03949.jpg
2026-05-19T11:08:00.614Z - GET /images/CAC02790.JPG
2026-05-19T11:08:00.617Z - GET /images/abodut-Image.jpg
2026-05-19T11:08:00.620Z - GET /images/album/1779186825303.jpg
2026-05-19T11:11:55.743Z - GET /login
2026-05-19T11:11:55.937Z - GET /images/CAC03949.jpg
2026-05-19T11:12:12.707Z - POST /login
2026-05-19T11:12:12.730Z - GET /admin
2026-05-19T11:12:12.972Z - GET /images/Untitled-2.png
2026-05-19T11:12:22.675Z - GET /admin/videos
2026-05-19T11:12:22.755Z - GET /images/Untitled-2.png
2026-05-19T11:13:06.440Z - POST /admin/videos/add
2026-05-19T11:13:06.508Z - GET /admin/videos?success=video_added
2026-05-19T11:13:06.577Z - GET /images/Untitled-2.png
2026-05-19T11:13:49.262Z - POST /admin/videos/add
2026-05-19T11:13:49.290Z - GET /admin/videos?success=video_added
2026-05-19T11:13:49.382Z - GET /images/Untitled-2.png
2026-05-19T11:14:05.726Z - GET /
2026-05-19T11:14:05.927Z - GET /images/Untitled-2.png
2026-05-19T11:14:05.934Z - GET /images/CAC03949.jpg
2026-05-19T11:14:05.961Z - GET /images/CAC02790.JPG
2026-05-19T11:14:05.965Z - GET /images/abodut-Image.jpg
2026-05-19T11:14:05.967Z - GET /images/album/1779186825303.jpg
2026-05-19T11:15:50.940Z - GET /
2026-05-19T11:15:51.049Z - GET /images/Untitled-2.png
2026-05-19T11:15:51.052Z - GET /images/CAC03949.jpg
2026-05-19T11:15:51.073Z - GET /images/CAC02790.JPG
2026-05-19T11:15:51.098Z - GET /images/abodut-Image.jpg
2026-05-19T11:15:51.117Z - GET /images/album/1779186825303.jpg
2026-05-19T11:16:00.360Z - GET /admin
2026-05-19T11:16:00.380Z - GET /login
2026-05-19T11:16:00.517Z - GET /images/CAC03949.jpg
2026-05-19T11:16:10.698Z - POST /login
2026-05-19T11:16:10.723Z - GET /admin
2026-05-19T11:16:10.882Z - GET /images/Untitled-2.png
2026-05-19T11:16:16.273Z - GET /admin/videos
2026-05-19T11:16:16.411Z - GET /images/Untitled-2.png
2026-05-19T11:17:55.836Z - POST /admin/videos/add
2026-05-19T11:17:55.850Z - GET /admin/videos?success=video_added
2026-05-19T11:17:55.908Z - GET /images/Untitled-2.png
2026-05-19T11:17:58.068Z - GET /
2026-05-19T11:17:58.153Z - GET /images/Untitled-2.png
2026-05-19T11:17:58.154Z - GET /images/CAC03949.jpg
2026-05-19T11:17:58.187Z - GET /images/CAC02790.JPG
2026-05-19T11:17:58.191Z - GET /images/abodut-Image.jpg
2026-05-19T11:17:58.198Z - GET /images/album/1779186825303.jpg
2026-05-19T11:18:08.633Z - GET /
2026-05-19T11:18:08.757Z - GET /images/Untitled-2.png
2026-05-19T11:18:08.759Z - GET /images/CAC03949.jpg
2026-05-19T11:18:08.778Z - GET /images/CAC02790.JPG
2026-05-19T11:18:08.781Z - GET /images/abodut-Image.jpg
2026-05-19T11:18:08.787Z - GET /images/album/1779186825303.jpg
2026-05-19T11:18:21.518Z - GET /login
2026-05-19T11:18:21.578Z - GET /images/CAC03949.jpg
2026-05-19T11:18:33.429Z - POST /login
2026-05-19T11:18:33.443Z - GET /admin
2026-05-19T11:18:33.526Z - GET /images/Untitled-2.png
2026-05-19T11:18:35.331Z - GET /admin/videos
2026-05-19T11:18:35.384Z - GET /images/Untitled-2.png
2026-05-19T11:18:42.556Z - POST /admin/videos/delete/6a0c46e322911dafbd93bd80
2026-05-19T11:18:42.581Z - GET /admin/videos?success=video_deleted
2026-05-19T11:18:42.639Z - GET /images/Untitled-2.png
2026-05-19T11:18:45.771Z - POST /admin/videos/delete/6a0c45ed22911dafbd93bd7f
2026-05-19T11:18:45.782Z - GET /admin/videos?success=video_deleted
2026-05-19T11:18:45.846Z - GET /images/Untitled-2.png
2026-05-19T11:18:49.308Z - POST /admin/videos/delete/6a0c45c222911dafbd93bd7e
2026-05-19T11:18:49.319Z - GET /admin/videos?success=video_deleted
2026-05-19T11:18:49.379Z - GET /images/Untitled-2.png
2026-05-19T11:19:35.341Z - POST /admin/videos/add
2026-05-19T11:19:35.356Z - GET /admin/videos?success=video_added
2026-05-19T11:19:35.418Z - GET /images/Untitled-2.png
2026-05-19T11:19:50.656Z - GET /
2026-05-19T11:19:50.722Z - GET /images/Untitled-2.png
2026-05-19T11:19:50.723Z - GET /images/CAC03949.jpg
2026-05-19T11:19:50.792Z - GET /images/CAC02790.JPG
2026-05-19T11:19:50.804Z - GET /images/abodut-Image.jpg
2026-05-19T11:19:50.824Z - GET /images/album/1779186825303.jpg
2026-05-19T11:24:26.315Z - GET /
2026-05-19T11:24:26.581Z - GET /images/Untitled-2.png
2026-05-19T11:24:26.586Z - GET /images/CAC03949.jpg
2026-05-19T11:24:26.612Z - GET /images/CAC02790.JPG
2026-05-19T11:24:26.711Z - GET /images/abodut-Image.jpg
2026-05-19T11:24:26.728Z - GET /images/album/1779186825303.jpg
2026-05-19T11:24:30.965Z - GET /favicon.ico
2026-05-19T12:01:27.919Z - GET /
2026-05-19T12:01:28.307Z - GET /images/Untitled-2.png
2026-05-19T12:01:28.312Z - GET /images/CAC03949.jpg
2026-05-19T12:01:28.334Z - GET /images/CAC02790.JPG
2026-05-19T12:01:28.367Z - GET /images/abodut-Image.jpg
2026-05-19T12:01:28.439Z - GET /images/album/1779186825303.jpg
2026-05-19T12:07:29.302Z - GET /
2026-05-19T12:07:29.384Z - GET /images/Untitled-2.png
2026-05-19T12:07:29.399Z - GET /images/CAC03949.jpg
2026-05-19T12:07:29.547Z - GET /images/CAC02790.JPG
2026-05-19T12:07:29.551Z - GET /images/abodut-Image.jpg
2026-05-19T12:07:29.552Z - GET /images/album/1779186825303.jpg
2026-05-19T12:07:33.461Z - GET /
2026-05-19T12:07:33.646Z - GET /images/CAC03949.jpg
2026-05-19T12:07:33.650Z - GET /images/Untitled-2.png
2026-05-19T12:07:33.689Z - GET /images/abodut-Image.jpg
2026-05-19T12:07:33.691Z - GET /images/CAC02790.JPG
2026-05-19T12:07:33.958Z - GET /images/album/1779186825303.jpg
2026-05-19T12:07:50.254Z - GET /favicon.ico
2026-05-19T12:08:08.528Z - GET /login
2026-05-19T12:08:08.646Z - GET /images/CAC03949.jpg
2026-05-19T12:08:10.896Z - POST /login
2026-05-19T12:08:10.913Z - GET /admin
2026-05-19T12:08:11.055Z - GET /images/Untitled-2.png
2026-05-19T12:08:12.990Z - GET /admin/videos
2026-05-19T12:08:13.041Z - GET /images/Untitled-2.png
2026-05-19T12:08:35.519Z - POST /admin/videos/add
2026-05-19T12:08:35.557Z - GET /admin/videos?success=video_added
2026-05-19T12:08:35.608Z - GET /images/Untitled-2.png
2026-05-19T12:08:39.943Z - GET /
2026-05-19T12:08:40.066Z - GET /images/Untitled-2.png
2026-05-19T12:08:40.070Z - GET /images/CAC03949.jpg
2026-05-19T12:08:40.135Z - GET /images/CAC02790.JPG
2026-05-19T12:08:40.140Z - GET /images/abodut-Image.jpg
2026-05-19T12:08:40.151Z - GET /images/album/1779186825303.jpg
2026-05-19T12:09:14.318Z - GET /admin/videos?success=video_added
2026-05-19T12:09:14.367Z - GET /images/Untitled-2.png
2026-05-19T12:09:27.178Z - GET /login
2026-05-19T12:09:27.224Z - GET /images/CAC03949.jpg
2026-05-19T12:09:35.837Z - POST /login
2026-05-19T12:09:35.848Z - GET /admin
2026-05-19T12:09:35.926Z - GET /images/Untitled-2.png
2026-05-19T12:09:37.583Z - GET /admin/videos
2026-05-19T12:09:37.647Z - GET /images/Untitled-2.png
2026-05-19T12:09:41.496Z - POST /admin/videos/delete/6a0c474722911dafbd93bd81
2026-05-19T12:09:41.519Z - GET /admin/videos?success=video_deleted
2026-05-19T12:09:41.563Z - GET /images/Untitled-2.png
2026-05-19T12:10:18.613Z - POST /admin/videos/add
2026-05-19T12:10:18.625Z - GET /admin/videos?success=video_added
2026-05-19T12:10:18.677Z - GET /images/Untitled-2.png
2026-05-19T12:10:21.356Z - GET /
2026-05-19T12:10:21.432Z - GET /images/Untitled-2.png
2026-05-19T12:10:21.439Z - GET /images/CAC03949.jpg
2026-05-19T12:10:21.452Z - GET /images/CAC02790.JPG
2026-05-19T12:10:21.453Z - GET /images/abodut-Image.jpg
2026-05-19T12:10:21.456Z - GET /images/album/1779186825303.jpg
2026-05-19T12:10:27.329Z - GET /
2026-05-19T12:10:27.436Z - GET /images/Untitled-2.png
2026-05-19T12:10:27.439Z - GET /images/CAC03949.jpg
2026-05-19T12:10:27.440Z - GET /images/CAC02790.JPG
2026-05-19T12:10:27.444Z - GET /images/abodut-Image.jpg
2026-05-19T12:10:27.445Z - GET /images/album/1779186825303.jpg
2026-05-19T12:10:44.022Z - GET /favicon.ico
2026-05-19T12:10:54.437Z - GET /admin/videos?success=video_added
2026-05-19T12:10:54.487Z - GET /images/Untitled-2.png
2026-05-19T12:12:06.464Z - GET /login
2026-05-19T12:12:06.509Z - GET /images/CAC03949.jpg
2026-05-19T12:12:17.959Z - POST /login
2026-05-19T12:12:17.970Z - GET /admin
2026-05-19T12:12:18.024Z - GET /images/Untitled-2.png
2026-05-19T12:12:20.272Z - GET /admin/videos
2026-05-19T12:12:20.311Z - GET /images/Untitled-2.png
2026-05-19T12:13:25.317Z - GET /
2026-05-19T12:13:25.368Z - GET /images/Untitled-2.png
2026-05-19T12:13:25.371Z - GET /images/CAC03949.jpg
2026-05-19T12:13:25.407Z - GET /images/CAC02790.JPG
2026-05-19T12:13:25.409Z - GET /images/abodut-Image.jpg
2026-05-19T12:13:25.410Z - GET /images/album/1779186825303.jpg
2026-05-19T12:18:31.220Z - GET /login
2026-05-19T12:18:31.317Z - GET /images/CAC03949.jpg
2026-05-19T12:18:31.974Z - GET /favicon.ico
2026-05-19T12:19:30.458Z - POST /login
2026-05-19T12:19:30.499Z - GET /admin
2026-05-19T12:19:31.410Z - GET /images/Untitled-2.png
2026-05-19T12:19:36.811Z - GET /admin/videos
2026-05-19T12:19:36.896Z - GET /images/Untitled-2.png
2026-05-19T12:20:16.742Z - POST /admin/videos/add
2026-05-19T12:20:16.781Z - GET /admin/videos?success=video_added
2026-05-19T12:20:16.867Z - GET /images/Untitled-2.png
2026-05-19T12:21:11.562Z - POST /admin/videos/add
2026-05-19T12:21:11.580Z - GET /admin/videos?success=video_added
2026-05-19T12:21:11.672Z - GET /images/Untitled-2.png
2026-05-19T12:21:56.802Z - POST /admin/videos/add
2026-05-19T12:21:56.826Z - GET /admin/videos?success=video_added
2026-05-19T12:21:56.919Z - GET /images/Untitled-2.png
2026-05-19T12:22:43.767Z - POST /admin/videos/add
2026-05-19T12:22:43.783Z - GET /admin/videos?success=video_added
2026-05-19T12:22:43.872Z - GET /images/Untitled-2.png
2026-05-19T12:23:26.653Z - POST /admin/videos/add
2026-05-19T12:23:26.672Z - GET /admin/videos?success=video_added
2026-05-19T12:23:26.754Z - GET /images/Untitled-2.png
2026-05-19T12:24:03.272Z - GET /
2026-05-19T12:24:03.929Z - GET /images/Untitled-2.png
2026-05-19T12:24:03.936Z - GET /images/CAC03949.jpg
2026-05-19T12:24:03.956Z - GET /images/CAC02790.JPG
2026-05-19T12:24:03.984Z - GET /images/abodut-Image.jpg
2026-05-19T12:24:04.899Z - GET /images/album/1779186825303.jpg
2026-05-19T12:24:16.235Z - POST /admin/videos/add
2026-05-19T12:24:16.467Z - GET /admin/videos?success=video_added
2026-05-19T12:24:17.305Z - GET /images/Untitled-2.png
2026-05-19T12:24:41.012Z - GET /
2026-05-19T12:24:41.532Z - GET /images/Untitled-2.png
2026-05-19T12:24:41.537Z - GET /images/CAC03949.jpg
2026-05-19T12:24:41.564Z - GET /images/CAC02790.JPG
2026-05-19T12:24:41.570Z - GET /images/abodut-Image.jpg
2026-05-19T12:24:41.573Z - GET /images/album/1779186825303.jpg
2026-05-19T12:29:35.171Z - GET /login
2026-05-19T12:29:35.270Z - GET /images/CAC03949.jpg
2026-05-19T12:29:38.432Z - POST /login
2026-05-19T12:29:38.439Z - GET /admin
2026-05-19T12:29:38.543Z - GET /images/Untitled-2.png
2026-05-19T12:29:41.294Z - GET /admin/videos
2026-05-19T12:29:41.339Z - GET /images/Untitled-2.png
2026-05-19T12:29:54.220Z - GET /
2026-05-19T12:29:54.309Z - GET /images/Untitled-2.png
2026-05-19T12:29:54.314Z - GET /images/CAC03949.jpg
2026-05-19T12:29:54.366Z - GET /images/CAC02790.JPG
2026-05-19T12:29:54.367Z - GET /images/abodut-Image.jpg
2026-05-19T12:29:54.375Z - GET /images/album/1779186825303.jpg
2026-05-19T12:29:57.378Z - GET /login
2026-05-19T12:29:57.475Z - GET /images/CAC03949.jpg
2026-05-19T12:30:07.021Z - POST /login
2026-05-19T12:30:07.029Z - GET /admin
2026-05-19T12:30:07.107Z - GET /images/Untitled-2.png
2026-05-19T12:30:10.082Z - GET /admin/videos
2026-05-19T12:30:10.130Z - GET /images/Untitled-2.png
2026-05-19T12:30:38.338Z - POST /admin/videos/delete/6a0c52c391503db246590556
2026-05-19T12:30:38.363Z - GET /admin/videos?success=video_deleted
2026-05-19T12:30:38.423Z - GET /images/Untitled-2.png
2026-05-19T12:31:47.960Z - POST /admin/videos/add
2026-05-19T12:31:47.972Z - GET /admin/videos?success=video_added
2026-05-19T12:31:48.025Z - GET /images/Untitled-2.png
2026-05-19T12:31:54.787Z - GET /
2026-05-19T12:31:54.845Z - GET /images/Untitled-2.png
2026-05-19T12:31:54.851Z - GET /images/CAC03949.jpg
2026-05-19T12:31:54.877Z - GET /images/CAC02790.JPG
2026-05-19T12:31:54.880Z - GET /images/abodut-Image.jpg
2026-05-19T12:31:54.881Z - GET /images/album/1779186825303.jpg
2026-05-19T12:35:02.095Z - GET /
2026-05-19T12:35:02.318Z - GET /images/Untitled-2.png
2026-05-19T12:35:02.322Z - GET /images/CAC03949.jpg
2026-05-19T12:35:02.335Z - GET /images/CAC02790.JPG
2026-05-19T12:35:02.408Z - GET /images/abodut-Image.jpg
2026-05-19T12:35:02.420Z - GET /images/album/1779186825303.jpg
2026-05-19T12:36:52.382Z - GET /
2026-05-19T12:36:52.823Z - GET /images/Untitled-2.png
2026-05-19T12:36:52.834Z - GET /images/CAC03949.jpg
2026-05-19T12:36:52.946Z - GET /images/CAC02790.JPG
2026-05-19T12:36:52.949Z - GET /images/abodut-Image.jpg
2026-05-19T12:36:52.959Z - GET /images/album/1779186825303.jpg
2026-05-19T12:38:30.013Z - GET /reading-corner
2026-05-19T12:38:30.137Z - GET /images/Untitled-2.png
2026-05-19T12:38:48.374Z - GET /
2026-05-19T12:38:48.525Z - GET /images/Untitled-2.png
2026-05-19T12:38:48.547Z - GET /images/CAC03949.jpg
2026-05-19T12:38:48.557Z - GET /images/CAC02790.JPG
2026-05-19T12:38:48.564Z - GET /images/abodut-Image.jpg
2026-05-19T12:38:48.573Z - GET /images/album/1779186825303.jpg
2026-05-19T12:38:58.833Z - GET /reading-corner
2026-05-19T12:38:58.960Z - GET /images/Untitled-2.png
2026-05-19T12:39:04.810Z - GET /
2026-05-19T12:39:04.955Z - GET /images/Untitled-2.png
2026-05-19T12:39:04.960Z - GET /images/CAC03949.jpg
2026-05-19T12:39:04.969Z - GET /images/CAC02790.JPG
2026-05-19T12:39:04.972Z - GET /images/abodut-Image.jpg
2026-05-19T12:39:04.973Z - GET /images/album/1779186825303.jpg
2026-05-19T12:42:07.709Z - GET /
2026-05-19T12:42:07.828Z - GET /images/Untitled-2.png
2026-05-19T12:42:07.831Z - GET /images/CAC03949.jpg
2026-05-19T12:42:07.875Z - GET /images/CAC02790.JPG
2026-05-19T12:42:07.893Z - GET /images/abodut-Image.jpg
2026-05-19T12:42:07.953Z - GET /images/album/1779186825303.jpg
2026-05-19T12:42:16.907Z - GET /favicon.ico
2026-05-19T12:43:32.508Z - GET /reading-corner
2026-05-19T12:43:32.636Z - GET /images/Untitled-2.png
2026-05-19T12:46:22.473Z - GET /reading-corner
2026-05-19T12:46:22.602Z - GET /images/Untitled-2.png
2026-05-19T12:47:16.606Z - GET /album
2026-05-19T12:47:16.695Z - GET /images/Untitled-2.png
2026-05-19T12:47:16.698Z - GET /images/album/1779186825303.jpg
2026-05-19T12:47:34.121Z - GET /donate?type=challenge
2026-05-19T12:47:34.270Z - GET /images/Untitled-2.png
2026-05-19T12:47:34.279Z - GET /images/CAC02790.JPG
2026-05-19T12:47:57.134Z - POST /donate
2026-05-19T12:47:57.366Z - GET /donate?success=true
2026-05-19T12:47:57.475Z - GET /images/Untitled-2.png
2026-05-19T12:47:57.482Z - GET /images/CAC02790.JPG
2026-05-19T12:48:52.069Z - GET /donate
2026-05-19T12:48:52.167Z - GET /images/Untitled-2.png
2026-05-19T12:48:52.173Z - GET /images/CAC02790.JPG
2026-05-19T12:49:00.012Z - GET /admission
2026-05-19T12:49:00.162Z - GET /images/Untitled-2.png
2026-05-19T12:49:00.173Z - GET /images/CAC03244.JPG
2026-05-19T12:49:00.191Z - GET /images/admition-3.jpg
2026-05-19T12:49:01.670Z - GET /admission
2026-05-19T12:49:01.830Z - GET /images/Untitled-2.png
2026-05-19T12:49:01.834Z - GET /images/CAC03244.JPG
2026-05-19T12:49:01.838Z - GET /images/admition-3.jpg
2026-05-19T12:49:17.761Z - GET /images/admition-3.jpg
2026-05-19T12:49:36.300Z - POST /admission
2026-05-19T12:49:36.454Z - GET /images/Untitled-2.png
2026-05-19T12:49:36.459Z - GET /images/CAC03244.JPG
2026-05-19T12:49:36.484Z - GET /images/admition-3.jpg
2026-05-19T12:49:42.140Z - GET /
2026-05-19T12:49:42.340Z - GET /images/Untitled-2.png
2026-05-19T12:49:42.353Z - GET /images/CAC03949.jpg
2026-05-19T12:49:42.392Z - GET /images/CAC02790.JPG
2026-05-19T12:49:42.397Z - GET /images/album/1779186825303.jpg
2026-05-19T12:49:42.399Z - GET /images/abodut-Image.jpg
2026-05-19T12:49:54.626Z - POST /contact
2026-05-19T12:49:54.699Z - GET /?success=message_sent
2026-05-19T12:49:54.828Z - GET /images/Untitled-2.png
2026-05-19T12:49:54.842Z - GET /images/CAC03949.jpg
2026-05-19T12:49:54.856Z - GET /images/CAC02790.JPG
2026-05-19T12:49:54.862Z - GET /images/abodut-Image.jpg
2026-05-19T12:49:54.867Z - GET /images/album/1779186825303.jpg
2026-05-19T12:50:17.905Z - GET /login
2026-05-19T12:50:18.018Z - GET /images/CAC03949.jpg
2026-05-19T12:50:33.011Z - POST /login
2026-05-19T12:50:33.046Z - GET /admin
2026-05-19T12:50:33.340Z - GET /images/Untitled-2.png
2026-05-19T12:50:43.389Z - GET /admin/enrollments
2026-05-19T12:50:43.516Z - GET /images/Untitled-2.png
2026-05-19T12:50:57.005Z - GET /admin/messages
2026-05-19T12:50:57.147Z - GET /images/Untitled-2.png
2026-05-19T12:51:15.122Z - GET /admin/reading-corner
2026-05-19T12:51:15.287Z - GET /images/Untitled-2.png
2026-05-19T12:51:47.204Z - POST /admin/reading-corner/add
2026-05-19T12:51:47.276Z - GET /admin/reading-corner
2026-05-19T12:51:47.434Z - GET /images/Untitled-2.png
2026-05-19T12:52:14.893Z - GET /login
2026-05-19T12:53:06.605Z - GET /admin/donations
2026-05-19T12:53:06.765Z - GET /images/Untitled-2.png
2026-05-19T12:53:32.082Z - GET /admin/donations/report?month=6&year=2026
2026-05-19T12:53:32.227Z - GET /images/Untitled-2.png
2026-05-19T12:54:26.965Z - GET /admin/album
2026-05-19T12:54:27.102Z - GET /images/Untitled-2.png
2026-05-19T12:54:27.107Z - GET /images/album/1779186825303.jpg
2026-05-19T12:54:33.049Z - GET /
2026-05-19T12:54:33.224Z - GET /images/Untitled-2.png
2026-05-19T12:54:33.230Z - GET /images/CAC03949.jpg
2026-05-19T12:54:33.257Z - GET /images/CAC02790.JPG
2026-05-19T12:54:33.263Z - GET /images/abodut-Image.jpg
2026-05-19T12:54:33.265Z - GET /images/album/1779186825303.jpg
2026-05-19T13:09:05.851Z - GET /
2026-05-19T13:09:06.092Z - GET /images/Untitled-2.png
2026-05-19T13:09:06.138Z - GET /images/CAC03949.jpg
2026-05-19T13:09:06.175Z - GET /images/CAC02790.JPG
2026-05-19T13:09:06.176Z - GET /images/abodut-Image.jpg
2026-05-19T13:09:06.178Z - GET /images/album/1779186825303.jpg
2026-05-19T17:02:26.246Z - GET /album
2026-05-19T17:02:26.745Z - GET /images/Untitled-2.png
2026-05-19T17:02:26.748Z - GET /images/album/1779186825303.jpg
2026-05-19T17:02:33.119Z - GET /
2026-05-19T17:02:33.442Z - GET /images/Untitled-2.png
2026-05-19T17:02:33.447Z - GET /images/CAC03949.jpg
2026-05-19T17:02:33.486Z - GET /images/CAC02790.JPG
2026-05-19T17:02:33.496Z - GET /images/abodut-Image.jpg
2026-05-19T17:02:33.497Z - GET /images/album/1779186825303.jpg
2026-05-19T17:02:58.620Z - GET /admission
2026-05-19T17:02:58.740Z - GET /images/Untitled-2.png
2026-05-19T17:02:58.748Z - GET /images/CAC03244.JPG
2026-05-19T17:02:58.759Z - GET /images/admition-3.jpg
2026-05-23T16:33:04.200Z - GET /
2026-05-23T16:33:05.086Z - GET /images/Untitled-2.png
2026-05-23T16:33:05.091Z - GET /images/CAC03949.jpg
2026-05-23T16:33:05.224Z - GET /images/CAC02790.JPG
2026-05-23T16:33:05.291Z - GET /images/abodut-Image.jpg
2026-05-23T16:33:05.369Z - GET /images/album/1779186825303.jpg
2026-05-23T16:33:14.570Z - GET /
2026-05-23T16:33:15.771Z - GET /images/Untitled-2.png
2026-05-23T16:33:15.798Z - GET /images/CAC03949.jpg
2026-05-23T16:33:15.866Z - GET /images/CAC02790.JPG
2026-05-23T16:33:15.886Z - GET /images/abodut-Image.jpg
2026-05-23T16:33:15.889Z - GET /images/album/1779186825303.jpg
2026-05-23T16:33:28.058Z - GET /favicon.ico
2026-05-23T16:34:46.942Z - GET /login
2026-05-23T16:34:47.234Z - GET /images/CAC03949.jpg
2026-05-23T16:35:01.307Z - POST /login
2026-05-23T16:35:01.391Z - GET /admin
2026-05-23T16:35:01.929Z - GET /images/Untitled-2.png
2026-05-23T16:35:12.894Z - GET /admin
2026-05-23T16:35:12.995Z - GET /images/Untitled-2.png
2026-05-23T16:35:17.546Z - GET /logout
2026-05-23T16:35:17.594Z - GET /
2026-05-23T16:35:17.730Z - GET /images/Untitled-2.png
2026-05-23T16:35:17.740Z - GET /images/CAC03949.jpg
2026-05-23T16:35:17.763Z - GET /images/CAC02790.JPG
2026-05-23T16:35:17.766Z - GET /images/album/1779186825303.jpg
2026-05-23T16:35:17.772Z - GET /images/abodut-Image.jpg
2026-05-24T12:25:19.994Z - GET /
2026-05-24T12:25:20.550Z - GET /images/Untitled-2.png
2026-05-24T12:25:20.553Z - GET /images/CAC03949.jpg
2026-05-24T12:25:20.602Z - GET /images/CAC02790.JPG
2026-05-24T12:25:20.674Z - GET /images/abodut-Image.jpg
2026-05-24T12:25:20.737Z - GET /images/album/1779186825303.jpg
2026-05-24T12:26:00.471Z - GET /
2026-05-24T12:26:00.626Z - GET /images/Untitled-2.png
2026-05-24T12:26:00.639Z - GET /images/CAC03949.jpg
2026-05-24T12:26:00.659Z - GET /images/CAC02790.JPG
2026-05-24T12:26:00.673Z - GET /images/abodut-Image.jpg
2026-05-24T12:26:00.682Z - GET /images/album/1779186825303.jpg
2026-05-24T12:26:22.494Z - GET /
2026-05-24T12:26:22.701Z - GET /images/Untitled-2.png
2026-05-24T12:26:22.703Z - GET /images/CAC03949.jpg
2026-05-24T12:26:22.792Z - GET /images/abodut-Image.jpg
2026-05-24T12:26:22.794Z - GET /images/CAC02790.JPG
2026-05-24T12:26:22.797Z - GET /images/album/1779186825303.jpg
2026-05-24T12:26:26.012Z - GET /
2026-05-24T12:26:26.216Z - GET /images/Untitled-2.png
2026-05-24T12:26:26.224Z - GET /images/CAC03949.jpg
2026-05-24T12:26:26.228Z - GET /images/CAC02790.JPG
2026-05-24T12:26:26.242Z - GET /images/abodut-Image.jpg
2026-05-24T12:26:26.245Z - GET /images/album/1779186825303.jpg
2026-05-24T12:26:28.488Z - GET /
2026-05-24T12:26:28.712Z - GET /images/Untitled-2.png
2026-05-24T12:26:28.724Z - GET /images/CAC03949.jpg
2026-05-24T12:26:28.742Z - GET /images/CAC02790.JPG
2026-05-24T12:26:28.744Z - GET /images/abodut-Image.jpg
2026-05-24T12:26:28.746Z - GET /images/album/1779186825303.jpg
2026-05-24T12:26:46.293Z - GET /
2026-05-24T12:26:47.353Z - GET /images/Untitled-2.png
2026-05-24T12:26:47.370Z - GET /images/CAC03949.jpg
2026-05-24T12:26:47.377Z - GET /images/CAC02790.JPG
2026-05-24T12:26:47.382Z - GET /images/abodut-Image.jpg
2026-05-24T12:26:47.387Z - GET /images/album/1779186825303.jpg
2026-05-24T12:26:59.605Z - GET /favicon.ico
2026-05-24T12:28:32.784Z - GET /
2026-05-24T12:28:32.992Z - GET /images/Untitled-2.png
2026-05-24T12:28:32.997Z - GET /images/CAC03949.jpg
2026-05-24T12:28:33.019Z - GET /images/CAC02790.JPG
2026-05-24T12:28:33.068Z - GET /images/abodut-Image.jpg
2026-05-24T12:28:33.094Z - GET /images/album/1779186825303.jpg
2026-05-24T12:29:37.652Z - GET /favicon.ico
2026-05-24T12:30:57.470Z - GET /reading-corner
2026-05-24T12:30:58.439Z - GET /images/Untitled-2.png
2026-05-24T12:31:17.150Z - GET /admin/videos
2026-05-24T12:31:17.261Z - GET /login
2026-05-24T12:31:17.454Z - GET /images/CAC03949.jpg
2026-05-24T12:31:35.732Z - POST /login
2026-05-24T12:31:35.801Z - GET /admin
2026-05-24T12:31:36.305Z - GET /images/Untitled-2.png
2026-05-24T12:31:45.866Z - GET /admin/videos
2026-05-24T12:31:46.040Z - GET /images/Untitled-2.png
2026-05-24T12:42:36.175Z - GET /
2026-05-24T12:42:36.820Z - GET /images/Untitled-2.png
2026-05-24T12:42:36.824Z - GET /images/CAC03949.jpg
2026-05-24T12:42:36.904Z - GET /images/CAC02790.JPG
2026-05-24T12:42:37.084Z - GET /images/abodut-Image.jpg
2026-05-24T12:42:37.088Z - GET /images/album/1779186825303.jpg
2026-05-24T12:42:46.226Z - GET /
2026-05-24T12:42:46.392Z - GET /images/Untitled-2.png
2026-05-24T12:42:46.399Z - GET /images/CAC03949.jpg
2026-05-24T12:42:46.422Z - GET /images/CAC02790.JPG
2026-05-24T12:42:46.428Z - GET /images/abodut-Image.jpg
2026-05-24T12:42:46.430Z - GET /images/album/1779186825303.jpg
2026-05-24T12:43:58.431Z - GET /
2026-05-24T12:43:58.899Z - GET /images/Untitled-2.png
2026-05-24T12:43:58.906Z - GET /images/CAC03949.jpg
2026-05-24T12:43:58.934Z - GET /images/CAC02790.JPG
2026-05-24T12:43:59.004Z - GET /images/abodut-Image.jpg
2026-05-24T12:43:59.209Z - GET /images/album/1779186825303.jpg
2026-05-24T12:45:29.936Z - GET /
2026-05-24T12:45:30.434Z - GET /images/Untitled-2.png
2026-05-24T12:45:30.439Z - GET /images/CAC03949.jpg
2026-05-24T12:45:30.507Z - GET /images/CAC02790.JPG
2026-05-24T12:45:30.556Z - GET /images/abodut-Image.jpg
2026-05-24T12:45:30.583Z - GET /images/album/1779186825303.jpg
2026-05-24T12:45:47.836Z - GET /favicon.ico
2026-05-24T12:48:04.807Z - GET /
2026-05-24T12:48:05.126Z - GET /images/Untitled-2.png
2026-05-24T12:48:05.129Z - GET /images/CAC03949.jpg
2026-05-24T12:48:05.174Z - GET /images/CAC02790.JPG
2026-05-24T12:48:05.178Z - GET /images/abodut-Image.jpg
2026-05-24T12:48:05.325Z - GET /images/album/1779186825303.jpg
2026-05-24T12:53:26.249Z - GET /
2026-05-24T12:53:26.449Z - GET /images/Untitled-2.png
2026-05-24T12:53:26.454Z - GET /images/CAC03949.jpg
2026-05-24T12:53:26.501Z - GET /images/CAC02790.JPG
2026-05-24T12:53:26.505Z - GET /images/abodut-Image.jpg
2026-05-24T12:53:26.524Z - GET /images/album/1779186825303.jpg
2026-05-24T12:57:01.332Z - GET /
2026-05-24T12:57:01.490Z - GET /images/Untitled-2.png
2026-05-24T12:57:01.494Z - GET /images/CAC03949.jpg
2026-05-24T12:57:01.524Z - GET /images/CAC02790.JPG
2026-05-24T12:57:01.527Z - GET /images/abodut-Image.jpg
2026-05-24T12:57:01.547Z - GET /images/album/1779186825303.jpg
2026-05-24T13:02:22.586Z - GET /
2026-05-24T13:02:22.696Z - GET /images/Untitled-2.png
2026-05-24T13:02:22.701Z - GET /images/CAC03949.jpg
2026-05-24T13:02:22.738Z - GET /images/CAC02790.JPG
2026-05-24T13:02:22.741Z - GET /images/abodut-Image.jpg
2026-05-24T13:02:22.759Z - GET /images/album/1779186825303.jpg
2026-05-24T13:05:40.871Z - GET /
2026-05-24T13:05:41.128Z - GET /images/Untitled-2.png
2026-05-24T13:05:41.134Z - GET /images/CAC03949.jpg
2026-05-24T13:05:41.160Z - GET /images/CAC02790.JPG
2026-05-24T13:05:41.163Z - GET /images/abodut-Image.jpg
2026-05-24T13:05:41.205Z - GET /images/album/1779186825303.jpg
2026-05-24T13:06:18.647Z - GET /
2026-05-24T13:06:18.850Z - GET /images/Untitled-2.png
2026-05-24T13:06:18.855Z - GET /images/CAC03949.jpg
2026-05-24T13:06:18.886Z - GET /images/CAC02790.JPG
2026-05-24T13:06:18.890Z - GET /images/abodut-Image.jpg
2026-05-24T13:06:18.892Z - GET /images/album/1779186825303.jpg
2026-05-24T13:07:36.347Z - GET /
2026-05-24T13:07:36.451Z - GET /images/Untitled-2.png
2026-05-24T13:07:36.454Z - GET /images/CAC03949.jpg
2026-05-24T13:07:36.470Z - GET /images/CAC02790.JPG
2026-05-24T13:07:36.518Z - GET /images/abodut-Image.jpg
2026-05-24T13:07:36.641Z - GET /images/album/1779186825303.jpg
2026-05-24T13:07:48.551Z - GET /favicon.ico
2026-05-24T13:17:34.953Z - GET /
2026-05-24T13:17:35.265Z - GET /images/Untitled-2.png
2026-05-24T13:17:35.272Z - GET /images/CAC03949.jpg
2026-05-24T13:17:35.404Z - GET /images/CAC02790.JPG
2026-05-24T13:17:35.409Z - GET /images/abodut-Image.jpg
2026-05-24T13:17:35.410Z - GET /images/album/1779186825303.jpg
2026-05-24T13:19:11.256Z - GET /
2026-05-24T13:19:11.379Z - GET /images/Untitled-2.png
2026-05-24T13:19:11.384Z - GET /images/CAC03949.jpg
2026-05-24T13:19:11.401Z - GET /images/album/1779186825303.jpg
2026-05-24T13:19:11.403Z - GET /images/CAC02790.JPG
2026-05-24T13:19:11.404Z - GET /images/abodut-Image.jpg
2026-05-24T13:20:07.082Z - GET /
2026-05-24T13:20:07.164Z - GET /images/Untitled-2.png
2026-05-24T13:20:07.169Z - GET /images/CAC03949.jpg
2026-05-24T13:20:07.171Z - GET /images/CAC02790.JPG
2026-05-24T13:20:07.185Z - GET /images/abodut-Image.jpg
2026-05-24T13:20:07.187Z - GET /images/album/1779186825303.jpg
2026-05-24T13:21:38.837Z - GET /
2026-05-24T13:21:38.931Z - GET /images/Untitled-2.png
2026-05-24T13:21:38.934Z - GET /images/CAC03949.jpg
2026-05-24T13:21:38.946Z - GET /images/CAC02790.JPG
2026-05-24T13:21:38.948Z - GET /images/abodut-Image.jpg
2026-05-24T13:21:38.950Z - GET /images/album/1779186825303.jpg
2026-05-24T13:24:03.419Z - GET /
2026-05-24T13:24:03.537Z - GET /images/Untitled-2.png
2026-05-24T13:24:03.542Z - GET /images/CAC03949.jpg
2026-05-24T13:24:03.561Z - GET /images/CAC02790.JPG
2026-05-24T13:24:03.565Z - GET /images/abodut-Image.jpg
2026-05-24T13:24:03.566Z - GET /images/album/1779186825303.jpg
2026-05-24T13:24:06.436Z - GET /
2026-05-24T13:24:06.544Z - GET /images/Untitled-2.png
2026-05-24T13:24:06.546Z - GET /images/CAC03949.jpg
2026-05-24T13:24:06.554Z - GET /images/CAC02790.JPG
2026-05-24T13:24:06.557Z - GET /images/abodut-Image.jpg
2026-05-24T13:24:06.559Z - GET /images/album/1779186825303.jpg
2026-05-24T13:28:14.657Z - GET /
2026-05-24T13:28:14.820Z - GET /images/Untitled-2.png
2026-05-24T13:28:14.823Z - GET /images/CAC03949.jpg
2026-05-24T13:28:14.855Z - GET /images/CAC02790.JPG
2026-05-24T13:28:14.859Z - GET /images/abodut-Image.jpg
2026-05-24T13:28:14.860Z - GET /images/album/1779186825303.jpg
2026-05-24T13:30:06.438Z - GET /
2026-05-24T13:30:06.570Z - GET /images/Untitled-2.png
2026-05-24T13:30:06.572Z - GET /images/CAC03949.jpg
2026-05-24T13:30:06.573Z - GET /images/CAC02790.JPG
2026-05-24T13:30:06.583Z - GET /images/abodut-Image.jpg
2026-05-24T13:30:06.586Z - GET /images/album/1779186825303.jpg
2026-06-02T06:28:13.235Z - GET /
2026-06-02T06:28:14.363Z - GET /images/Untitled-2.png
2026-06-02T06:28:14.372Z - GET /images/CAC03949.jpg
2026-06-02T06:28:14.502Z - GET /images/CAC02790.JPG
2026-06-02T06:28:14.633Z - GET /images/abodut-Image.jpg
2026-06-02T06:28:14.754Z - GET /images/album/1779186825303.jpg
2026-06-02T06:28:29.723Z - GET /favicon.ico
2026-06-02T06:31:42.089Z - GET /
2026-06-02T06:31:42.745Z - GET /images/CAC03949.jpg
2026-06-02T06:31:42.750Z - GET /images/Untitled-2.png
2026-06-02T06:31:42.800Z - GET /images/CAC02790.JPG
2026-06-02T06:31:42.843Z - GET /images/abodut-Image.jpg
2026-06-02T06:31:42.891Z - GET /images/album/1779186825303.jpg
2026-06-02T06:36:26.796Z - GET /
2026-06-02T06:36:26.975Z - GET /images/CAC03949.jpg
2026-06-02T06:36:26.976Z - GET /images/Untitled-2.png
2026-06-02T06:36:26.996Z - GET /images/CAC02790.JPG
2026-06-02T06:36:26.997Z - GET /images/abodut-Image.jpg
2026-06-02T06:36:27.119Z - GET /images/album/1779186825303.jpg
2026-06-02T06:36:33.341Z - GET /
2026-06-02T06:36:33.524Z - GET /images/Untitled-2.png
2026-06-02T06:36:33.526Z - GET /images/CAC03949.jpg
2026-06-02T06:36:33.540Z - GET /images/CAC02790.JPG
2026-06-02T06:36:33.542Z - GET /images/abodut-Image.jpg
2026-06-02T06:36:33.546Z - GET /images/album/1779186825303.jpg
2026-06-02T07:02:37.146Z - GET /
2026-06-02T07:02:37.587Z - GET /images/Untitled-2.png
2026-06-02T07:02:37.592Z - GET /images/CAC03949.jpg
2026-06-02T07:02:37.646Z - GET /images/CAC02790.JPG
2026-06-02T07:02:37.676Z - GET /images/abodut-Image.jpg
2026-06-02T07:02:37.733Z - GET /images/album/1779186825303.jpg
2026-06-02T07:05:53.935Z - GET /
2026-06-02T07:05:54.121Z - GET /images/Untitled-2.png
2026-06-02T07:05:54.126Z - GET /images/CAC03949.jpg
2026-06-02T07:05:54.159Z - GET /images/CAC02790.JPG
2026-06-02T07:05:54.162Z - GET /images/abodut-Image.jpg
2026-06-02T07:05:54.295Z - GET /images/album/1779186825303.jpg
2026-06-02T07:06:16.576Z - GET /
2026-06-02T07:06:16.786Z - GET /images/Untitled-2.png
2026-06-02T07:06:16.788Z - GET /images/CAC03949.jpg
2026-06-02T07:06:16.824Z - GET /images/CAC02790.JPG
2026-06-02T07:06:16.826Z - GET /images/abodut-Image.jpg
2026-06-02T07:06:16.838Z - GET /images/album/1779186825303.jpg
2026-06-02T07:06:30.357Z - GET /
2026-06-02T07:06:30.466Z - GET /images/Untitled-2.png
2026-06-02T07:06:30.470Z - GET /images/CAC03949.jpg
2026-06-02T07:06:30.507Z - GET /images/CAC02790.JPG
2026-06-02T07:06:30.520Z - GET /images/abodut-Image.jpg
2026-06-02T07:06:30.549Z - GET /images/album/1779186825303.jpg
2026-06-02T07:09:15.852Z - GET /
2026-06-02T07:09:16.044Z - GET /images/Untitled-2.png
2026-06-02T07:09:16.049Z - GET /images/CAC03949.jpg
2026-06-02T07:09:16.111Z - GET /images/CAC02790.JPG
2026-06-02T07:09:16.118Z - GET /images/abodut-Image.jpg
2026-06-02T07:09:16.125Z - GET /images/album/1779186825303.jpg
2026-06-02T07:09:30.689Z - GET /admission
2026-06-02T07:09:30.829Z - GET /images/Untitled-2.png
2026-06-02T07:09:30.832Z - GET /images/CAC03244.JPG
2026-06-02T07:09:30.850Z - GET /images/admition-3.jpg
2026-06-02T07:09:41.183Z - GET /
2026-06-02T07:09:41.387Z - GET /images/Untitled-2.png
2026-06-02T07:09:41.396Z - GET /images/CAC03949.jpg
2026-06-02T07:09:41.422Z - GET /images/CAC02790.JPG
2026-06-02T07:09:41.426Z - GET /images/abodut-Image.jpg
2026-06-02T07:09:41.430Z - GET /images/album/1779186825303.jpg
2026-06-02T07:22:01.682Z - GET /
2026-06-02T07:22:02.086Z - GET /images/Untitled-2.png
2026-06-02T07:22:02.089Z - GET /images/CAC03949.jpg
2026-06-02T07:22:02.136Z - GET /images/CAC02790.JPG
2026-06-02T07:22:02.165Z - GET /images/abodut-Image.jpg
2026-06-02T07:22:02.213Z - GET /images/album/1779186825303.jpg
2026-06-02T07:22:02.862Z - GET /
2026-06-02T07:22:03.037Z - GET /images/Untitled-2.png
2026-06-02T07:22:03.046Z - GET /images/CAC03949.jpg
2026-06-02T07:22:03.079Z - GET /images/CAC02790.JPG
2026-06-02T07:22:03.082Z - GET /images/abodut-Image.jpg
2026-06-02T07:22:03.097Z - GET /images/album/1779186825303.jpg
2026-06-02T07:22:10.667Z - GET /favicon.ico
2026-06-02T07:27:06.219Z - GET /
2026-06-02T07:27:06.435Z - GET /images/Untitled-2.png
2026-06-02T07:27:06.438Z - GET /images/CAC03949.jpg
2026-06-02T07:27:06.492Z - GET /images/CAC02790.JPG
2026-06-02T07:27:06.495Z - GET /images/abodut-Image.jpg
2026-06-02T07:27:06.513Z - GET /images/album/1779186825303.jpg
2026-06-02T08:59:31.507Z - GET /
2026-06-02T08:59:31.833Z - GET /images/Untitled-2.png
2026-06-02T08:59:31.835Z - GET /images/CAC03949.jpg
2026-06-02T08:59:31.876Z - GET /images/CAC02790.JPG
2026-06-02T08:59:31.913Z - GET /images/abodut-Image.jpg
2026-06-02T08:59:31.961Z - GET /images/album/1779186825303.jpg
2026-06-02T08:59:58.767Z - GET /favicon.ico
2026-06-02T09:11:28.855Z - GET /
2026-06-02T09:11:29.431Z - GET /images/CAC03949.jpg
2026-06-02T09:11:29.435Z - GET /images/Untitled-2.png
2026-06-02T09:11:29.483Z - GET /images/CAC02790.JPG
2026-06-02T09:11:29.491Z - GET /images/abodut-Image.jpg
2026-06-02T09:11:29.558Z - GET /images/album/1779186825303.jpg
2026-06-02T09:16:17.434Z - GET /
2026-06-02T09:16:17.651Z - GET /images/Untitled-2.png
2026-06-02T09:16:17.654Z - GET /images/CAC03949.jpg
2026-06-02T09:16:17.682Z - GET /images/CAC02790.JPG
2026-06-02T09:16:17.713Z - GET /images/abodut-Image.jpg
2026-06-02T09:16:17.758Z - GET /images/album/1779186825303.jpg
2026-06-02T09:25:29.703Z - GET /
2026-06-02T09:25:29.897Z - GET /images/Untitled-2.png
2026-06-02T09:25:29.900Z - GET /images/CAC03949.jpg
2026-06-02T09:25:29.952Z - GET /images/CAC02790.JPG
2026-06-02T09:25:29.959Z - GET /images/abodut-Image.jpg
2026-06-02T09:25:30.074Z - GET /images/album/1779186825303.jpg
2026-06-02T09:26:41.467Z - GET /reading-corner
2026-06-02T09:26:41.568Z - GET /images/Untitled-2.png
2026-06-02T09:26:53.771Z - GET /
2026-06-02T09:26:53.874Z - GET /images/Untitled-2.png
2026-06-02T09:26:53.877Z - GET /images/CAC03949.jpg
2026-06-02T09:26:53.898Z - GET /images/CAC02790.JPG
2026-06-02T09:26:53.900Z - GET /images/abodut-Image.jpg
2026-06-02T09:26:53.904Z - GET /images/album/1779186825303.jpg
2026-06-02T09:28:35.031Z - GET /
2026-06-02T09:28:35.225Z - GET /images/Untitled-2.png
2026-06-02T09:28:35.229Z - GET /images/CAC03949.jpg
2026-06-02T09:28:35.254Z - GET /images/CAC02790.JPG
2026-06-02T09:28:35.269Z - GET /images/abodut-Image.jpg
2026-06-02T09:28:35.278Z - GET /images/album/1779186825303.jpg
2026-06-02T09:35:21.936Z - GET /admission
2026-06-02T09:35:22.050Z - GET /images/Untitled-2.png
2026-06-02T09:35:22.054Z - GET /images/CAC03244.JPG
2026-06-02T09:35:22.124Z - GET /images/admition-3.jpg
2026-06-02T09:35:33.514Z - GET /
2026-06-02T09:35:33.681Z - GET /images/Untitled-2.png
2026-06-02T09:35:33.685Z - GET /images/CAC03949.jpg
2026-06-02T09:35:33.723Z - GET /images/CAC02790.JPG
2026-06-02T09:35:33.728Z - GET /images/abodut-Image.jpg
2026-06-02T09:35:33.734Z - GET /images/album/1779186825303.jpg
2026-06-02T09:35:55.568Z - GET /reading-corner
2026-06-02T09:35:55.638Z - GET /images/Untitled-2.png
2026-06-02T09:36:03.379Z - GET /
2026-06-02T09:36:03.543Z - GET /images/Untitled-2.png
2026-06-02T09:36:03.547Z - GET /images/CAC03949.jpg
2026-06-02T09:36:03.614Z - GET /images/CAC02790.JPG
2026-06-02T09:36:03.616Z - GET /images/abodut-Image.jpg
2026-06-02T09:36:03.622Z - GET /images/album/1779186825303.jpg
2026-06-02T09:36:16.677Z - GET /login
2026-06-02T09:36:16.755Z - GET /images/CAC03949.jpg
2026-06-02T09:45:26.081Z - GET /
2026-06-02T09:45:26.494Z - GET /images/album/1779186825303.jpg
2026-06-02T09:45:31.262Z - GET /admission
2026-06-02T09:45:31.334Z - GET /images/Untitled-2.png
2026-06-02T09:45:31.336Z - GET /images/CAC03244.JPG
2026-06-02T09:45:31.372Z - GET /images/admition-3.jpg
2026-06-02T09:48:13.543Z - GET /login
2026-06-02T09:48:13.622Z - GET /images/CAC03949.jpg
2026-06-02T09:54:27.216Z - GET /
2026-06-02T09:54:27.296Z - GET /images/Untitled-2.png
2026-06-02T09:54:27.298Z - GET /images/CAC03949.jpg
2026-06-02T09:54:27.339Z - GET /images/CAC02790.JPG
2026-06-02T09:54:27.355Z - GET /images/abodut-Image.jpg
2026-06-02T09:54:27.416Z - GET /images/album/1779186825303.jpg
2026-06-02T09:58:26.699Z - GET /
2026-06-02T09:58:26.842Z - GET /images/Untitled-2.png
2026-06-02T09:58:26.848Z - GET /images/CAC03949.jpg
2026-06-02T09:58:26.898Z - GET /images/20220615_091515.jpg
2026-06-02T09:58:26.909Z - GET /images/CAC02790.JPG
2026-06-02T09:58:26.963Z - GET /images/abodut-Image.jpg
2026-06-02T09:58:26.970Z - GET /images/album/1779186825303.jpg
2026-06-02T09:58:48.602Z - GET /
2026-06-02T09:58:48.779Z - GET /images/Untitled-2.png
2026-06-02T09:58:48.781Z - GET /images/CAC03949.jpg
2026-06-02T09:58:48.830Z - GET /images/20220615_091515.jpg
2026-06-02T09:58:48.831Z - GET /images/CAC02790.JPG
2026-06-02T09:58:48.836Z - GET /images/abodut-Image.jpg
2026-06-02T09:58:48.840Z - GET /images/album/1779186825303.jpg
2026-06-02T10:01:16.059Z - GET /
2026-06-02T10:01:16.221Z - GET /images/Untitled-2.png
2026-06-02T10:01:16.223Z - GET /images/CAC03949.jpg
2026-06-02T10:01:16.251Z - GET /images/20220615_091515.jpg
2026-06-02T10:01:16.253Z - GET /images/CAC02790.JPG
2026-06-02T10:01:16.259Z - GET /images/abodut-Image.jpg
2026-06-02T10:01:16.261Z - GET /images/album/1779186825303.jpg
2026-06-02T10:05:01.475Z - GET /
2026-06-02T10:05:01.618Z - GET /images/Untitled-2.png
2026-06-02T10:05:01.619Z - GET /images/CAC03949.jpg
2026-06-02T10:05:01.668Z - GET /images/20220615_091515.jpg
2026-06-02T10:05:01.672Z - GET /images/CAC02790.JPG
2026-06-02T10:05:01.676Z - GET /images/abodut-Image.jpg
2026-06-02T10:05:01.681Z - GET /images/album/1779186825303.jpg
2026-06-02T10:05:13.410Z - GET /.well-known/appspecific/com.chrome.devtools.json
2026-06-02T10:06:51.537Z - GET /
2026-06-02T10:06:51.766Z - GET /images/Untitled-2.png
2026-06-02T10:06:51.769Z - GET /images/CAC03949.jpg
2026-06-02T10:06:51.811Z - GET /images/20220615_091515.jpg
2026-06-02T10:06:51.845Z - GET /images/CAC02790.JPG
2026-06-02T10:06:51.893Z - GET /images/abodut-Image.jpg
2026-06-02T10:06:51.974Z - GET /images/album/1779186825303.jpg
2026-06-02T10:07:57.372Z - GET /
2026-06-02T10:07:57.577Z - GET /images/Untitled-2.png
2026-06-02T10:07:57.579Z - GET /images/CAC03949.jpg
2026-06-02T10:07:57.633Z - GET /images/20220615_091515.jpg
2026-06-02T10:07:57.634Z - GET /images/CAC02790.JPG
2026-06-02T10:07:57.638Z - GET /images/abodut-Image.jpg
2026-06-02T10:07:57.640Z - GET /images/album/1779186825303.jpg
2026-06-02T10:08:51.799Z - GET /
2026-06-02T10:08:51.972Z - GET /images/Untitled-2.png
2026-06-02T10:08:51.976Z - GET /images/CAC03949.jpg
2026-06-02T10:08:52.007Z - GET /images/20220615_091515.jpg
2026-06-02T10:08:52.010Z - GET /images/CAC02790.JPG
2026-06-02T10:08:52.014Z - GET /images/abodut-Image.jpg
2026-06-02T10:08:52.016Z - GET /images/album/1779186825303.jpg
2026-06-02T10:09:24.496Z - GET /
2026-06-02T10:09:24.652Z - GET /images/Untitled-2.png
2026-06-02T10:09:24.654Z - GET /images/CAC03949.jpg
2026-06-02T10:09:24.686Z - GET /images/20220615_091515.jpg
2026-06-02T10:09:24.689Z - GET /images/CAC02790.JPG
2026-06-02T10:09:24.693Z - GET /images/abodut-Image.jpg
2026-06-02T10:09:24.696Z - GET /images/album/1779186825303.jpg
2026-06-02T10:10:05.550Z - GET /
2026-06-02T10:10:05.735Z - GET /images/Untitled-2.png
2026-06-02T10:10:05.739Z - GET /images/CAC03949.jpg
2026-06-02T10:10:05.773Z - GET /images/20220615_091515.jpg
2026-06-02T10:10:05.775Z - GET /images/CAC02790.JPG
2026-06-02T10:10:05.778Z - GET /images/abodut-Image.jpg
2026-06-02T10:10:05.784Z - GET /images/album/1779186825303.jpg
2026-06-02T10:10:23.078Z - GET /
2026-06-02T10:10:23.282Z - GET /images/Untitled-2.png
2026-06-02T10:10:23.285Z - GET /images/CAC03949.jpg
2026-06-02T10:10:23.312Z - GET /images/20220615_091515.jpg
2026-06-02T10:10:23.313Z - GET /images/CAC02790.JPG
2026-06-02T10:10:23.315Z - GET /images/abodut-Image.jpg
2026-06-02T10:10:23.319Z - GET /images/album/1779186825303.jpg
2026-06-02T10:10:31.738Z - GET /
2026-06-02T10:10:31.908Z - GET /images/Untitled-2.png
2026-06-02T10:10:31.910Z - GET /images/CAC03949.jpg
2026-06-02T10:10:31.937Z - GET /images/20220615_091515.jpg
2026-06-02T10:10:31.939Z - GET /images/CAC02790.JPG
2026-06-02T10:10:31.941Z - GET /images/abodut-Image.jpg
2026-06-02T10:10:31.943Z - GET /images/album/1779186825303.jpg
2026-06-02T10:10:35.489Z - GET /
2026-06-02T10:10:35.625Z - GET /images/Untitled-2.png
2026-06-02T10:10:35.627Z - GET /images/CAC03949.jpg
2026-06-02T10:10:35.654Z - GET /images/20220615_091515.jpg
2026-06-02T10:10:35.656Z - GET /images/CAC02790.JPG
2026-06-02T10:10:35.664Z - GET /images/abodut-Image.jpg
2026-06-02T10:10:35.666Z - GET /images/album/1779186825303.jpg
2026-06-02T10:10:47.629Z - GET /
2026-06-02T10:10:47.728Z - GET /images/Untitled-2.png
2026-06-02T10:10:47.730Z - GET /images/CAC03949.jpg
2026-06-02T10:10:47.759Z - GET /images/20220615_091515.jpg
2026-06-02T10:10:47.761Z - GET /images/CAC02790.JPG
2026-06-02T10:10:47.778Z - GET /images/abodut-Image.jpg
2026-06-02T10:10:47.780Z - GET /images/album/1779186825303.jpg
2026-06-02T10:11:14.846Z - GET /
2026-06-02T10:11:14.991Z - GET /images/Untitled-2.png
2026-06-02T10:11:14.993Z - GET /images/CAC03949.jpg
2026-06-02T10:11:15.029Z - GET /images/20220615_091515.jpg
2026-06-02T10:11:15.031Z - GET /images/CAC02790.JPG
2026-06-02T10:11:15.037Z - GET /images/abodut-Image.jpg
2026-06-02T10:11:15.040Z - GET /images/album/1779186825303.jpg
2026-06-02T10:13:42.109Z - GET /
2026-06-02T10:13:42.214Z - GET /images/Untitled-2.png
2026-06-02T10:13:42.216Z - GET /images/CAC03949.jpg
2026-06-02T10:13:42.270Z - GET /images/CAC02790.JPG
2026-06-02T10:13:42.272Z - GET /images/abodut-Image.jpg
2026-06-02T10:13:42.280Z - GET /images/album/1779186825303.jpg
2026-06-02T10:14:42.329Z - GET /
2026-06-02T10:14:42.440Z - GET /images/Untitled-2.png
2026-06-02T10:14:42.442Z - GET /images/CAC03949.jpg
2026-06-02T10:14:42.480Z - GET /images/20220615_091515.jpg
2026-06-02T10:14:42.483Z - GET /images/CAC02790.JPG
2026-06-02T10:14:42.499Z - GET /images/abodut-Image.jpg
2026-06-02T10:14:42.503Z - GET /images/album/1779186825303.jpg
2026-06-02T10:15:07.509Z - GET /
2026-06-02T10:15:07.668Z - GET /images/Untitled-2.png
2026-06-02T10:15:07.685Z - GET /images/CAC03949.jpg
2026-06-02T10:15:07.705Z - GET /images/20220615_091515.jpg
2026-06-02T10:15:07.707Z - GET /images/CAC02790.JPG
2026-06-02T10:15:07.711Z - GET /images/abodut-Image.jpg
2026-06-02T10:15:07.712Z - GET /images/album/1779186825303.jpg
2026-06-02T10:16:57.097Z - GET /
2026-06-02T10:16:57.208Z - GET /images/Untitled-2.png
2026-06-02T10:16:57.210Z - GET /images/CAC03949.jpg
2026-06-02T10:16:57.248Z - GET /images/CAC02790.JPG
2026-06-02T10:16:57.251Z - GET /images/abodut-Image.jpg
2026-06-02T10:16:57.260Z - GET /images/album/1779186825303.jpg
2026-06-02T10:30:11.184Z - GET /
2026-06-02T10:30:11.325Z - GET /images/Untitled-2.png
2026-06-02T10:30:11.328Z - GET /images/CAC03949.jpg
2026-06-02T10:30:11.376Z - GET /images/CAC02790.JPG
2026-06-02T10:30:11.397Z - GET /images/abodut-Image.jpg
2026-06-02T10:30:11.429Z - GET /images/album/1779186825303.jpg
2026-06-02T10:31:10.354Z - GET /
2026-06-02T10:31:10.556Z - GET /images/Untitled-2.png
2026-06-02T10:31:10.558Z - GET /images/CAC03949.jpg
2026-06-02T10:31:10.611Z - GET /images/CAC02790.JPG
2026-06-02T10:31:10.613Z - GET /images/abodut-Image.jpg
2026-06-02T10:31:10.622Z - GET /images/album/1779186825303.jpg
2026-06-02T10:31:26.182Z - GET /
2026-06-02T10:31:26.345Z - GET /images/Untitled-2.png
2026-06-02T10:31:26.347Z - GET /images/CAC03949.jpg
2026-06-02T10:31:26.376Z - GET /images/CAC02790.JPG
2026-06-02T10:31:26.378Z - GET /images/abodut-Image.jpg
2026-06-02T10:31:26.381Z - GET /images/album/1779186825303.jpg
2026-06-02T10:32:17.405Z - GET /
2026-06-02T10:32:17.509Z - GET /images/Untitled-2.png
2026-06-02T10:32:17.514Z - GET /images/CAC03949.jpg
2026-06-02T10:32:17.531Z - GET /images/CAC02790.JPG
2026-06-02T10:32:17.533Z - GET /images/abodut-Image.jpg
2026-06-02T10:32:17.538Z - GET /images/album/1779186825303.jpg
2026-06-02T10:32:31.006Z - GET /
2026-06-02T10:32:31.243Z - GET /images/Untitled-2.png
2026-06-02T10:32:31.245Z - GET /images/CAC03949.jpg
2026-06-02T10:32:31.273Z - GET /images/CAC02790.JPG
2026-06-02T10:32:31.274Z - GET /images/abodut-Image.jpg
2026-06-02T10:32:31.277Z - GET /images/album/1779186825303.jpg
2026-06-02T10:32:56.351Z - GET /
2026-06-02T10:32:56.457Z - GET /images/Untitled-2.png
2026-06-02T10:32:56.460Z - GET /images/CAC03949.jpg
2026-06-02T10:32:56.490Z - GET /images/CAC02790.JPG
2026-06-02T10:32:56.500Z - GET /images/abodut-Image.jpg
2026-06-02T10:32:56.502Z - GET /images/album/1779186825303.jpg
2026-06-02T10:33:15.492Z - GET /
2026-06-02T10:33:15.604Z - GET /images/Untitled-2.png
2026-06-02T10:33:15.606Z - GET /images/CAC03949.jpg
2026-06-02T10:33:15.628Z - GET /images/CAC02790.JPG
2026-06-02T10:33:15.630Z - GET /images/abodut-Image.jpg
2026-06-02T10:33:15.634Z - GET /images/album/1779186825303.jpg
2026-06-02T10:33:40.008Z - GET /
2026-06-02T10:33:40.231Z - GET /images/Untitled-2.png
2026-06-02T10:33:40.233Z - GET /images/CAC03949.jpg
2026-06-02T10:33:40.262Z - GET /images/CAC02790.JPG
2026-06-02T10:33:40.264Z - GET /images/abodut-Image.jpg
2026-06-02T10:33:40.267Z - GET /images/album/1779186825303.jpg
2026-06-02T11:17:39.961Z - GET /
2026-06-02T11:17:40.545Z - GET /images/Untitled-2.png
2026-06-02T11:17:40.554Z - GET /images/CAC03949.jpg
2026-06-02T11:17:40.609Z - GET /images/CAC02790.JPG
2026-06-02T11:17:40.673Z - GET /images/abodut-Image.jpg
2026-06-02T11:17:40.786Z - GET /images/album/1779186825303.jpg
2026-06-02T11:19:32.044Z - GET /
2026-06-02T11:19:32.151Z - GET /images/Untitled-2.png
2026-06-02T11:19:32.155Z - GET /images/CAC03949.jpg
2026-06-02T11:19:32.179Z - GET /images/CAC02790.JPG
2026-06-02T11:19:32.211Z - GET /images/abodut-Image.jpg
2026-06-02T11:19:32.235Z - GET /images/album/1779186825303.jpg
2026-06-02T11:27:13.176Z - GET /
2026-06-02T11:27:13.320Z - GET /images/Untitled-2.png
2026-06-02T11:27:13.323Z - GET /images/CAC03949.jpg
2026-06-02T11:27:13.366Z - GET /images/CAC02790.JPG
2026-06-02T11:27:13.368Z - GET /images/abodut-Image.jpg
2026-06-02T11:27:13.480Z - GET /images/album/1779186825303.jpg
2026-06-02T11:27:21.285Z - GET /reading-corner
2026-06-02T11:27:21.365Z - GET /images/Untitled-2.png
2026-06-02T11:29:07.338Z - GET /reading-corner
2026-06-02T11:29:07.393Z - GET /images/Untitled-2.png
2026-06-02T11:29:13.477Z - GET /reading-corner
2026-06-02T11:29:13.527Z - GET /images/Untitled-2.png
2026-06-02T11:29:15.008Z - GET /
2026-06-02T11:29:15.119Z - GET /images/Untitled-2.png
2026-06-02T11:29:15.123Z - GET /images/CAC03949.jpg
2026-06-02T11:29:15.131Z - GET /images/CAC02790.JPG
2026-06-02T11:29:15.133Z - GET /images/abodut-Image.jpg
2026-06-02T11:29:15.136Z - GET /images/album/1779186825303.jpg
2026-06-02T11:29:20.348Z - GET /reading-corner
2026-06-02T11:29:20.421Z - GET /images/Untitled-2.png
2026-06-02T11:30:16.354Z - GET /
2026-06-02T11:30:16.432Z - GET /images/Untitled-2.png
2026-06-02T11:30:16.434Z - GET /images/CAC03949.jpg
2026-06-02T11:30:16.458Z - GET /images/CAC02790.JPG
2026-06-02T11:30:16.479Z - GET /images/abodut-Image.jpg
2026-06-02T11:30:16.518Z - GET /images/album/1779186825303.jpg
2026-06-02T11:30:20.388Z - GET /favicon.ico
2026-06-02T12:05:52.893Z - GET /
2026-06-02T12:05:53.549Z - GET /images/Untitled-2.png
2026-06-02T12:05:53.552Z - GET /images/CAC03949.jpg
2026-06-02T12:05:53.591Z - GET /images/CAC02790.JPG
2026-06-02T12:05:53.649Z - GET /images/abodut-Image.jpg
2026-06-02T12:05:53.690Z - GET /images/album/1779186825303.jpg
2026-06-02T12:06:00.921Z - GET /favicon.ico
2026-06-02T12:06:11.285Z - GET /reading-corner
2026-06-02T12:06:11.365Z - GET /images/Untitled-2.png
2026-06-02T12:09:52.746Z - GET /
2026-06-02T12:09:52.819Z - GET /images/CAC03949.jpg
2026-06-02T12:09:52.822Z - GET /images/Untitled-2.png
2026-06-02T12:09:52.877Z - GET /images/CAC02790.JPG
2026-06-02T12:09:52.880Z - GET /images/album/1779186825303.jpg
2026-06-02T12:09:52.884Z - GET /images/abodut-Image.jpg
2026-06-02T12:09:59.087Z - GET /donate
2026-06-02T12:09:59.152Z - GET /images/Untitled-2.png
2026-06-02T12:09:59.158Z - GET /images/CAC02790.JPG
2026-06-02T12:10:18.587Z - GET /donate
2026-06-02T12:10:21.777Z - GET /
2026-06-02T12:10:21.856Z - GET /images/Untitled-2.png
2026-06-02T12:10:21.860Z - GET /images/CAC03949.jpg
2026-06-02T12:10:21.865Z - GET /images/CAC02790.JPG
2026-06-02T12:10:21.872Z - GET /images/abodut-Image.jpg
2026-06-02T12:10:21.874Z - GET /images/album/1779186825303.jpg
2026-06-02T12:10:23.873Z - GET /donate
2026-06-02T12:11:18.047Z - GET /donate
2026-06-02T12:11:20.116Z - GET /
2026-06-02T12:11:20.162Z - GET /images/Untitled-2.png
2026-06-02T12:11:20.164Z - GET /images/CAC03949.jpg
2026-06-02T12:11:20.211Z - GET /images/CAC02790.JPG
2026-06-02T12:11:20.219Z - GET /images/abodut-Image.jpg
2026-06-02T12:11:20.283Z - GET /images/album/1779186825303.jpg
2026-06-02T12:11:23.034Z - GET /
2026-06-02T12:11:23.088Z - GET /images/Untitled-2.png
2026-06-02T12:11:23.096Z - GET /images/CAC03949.jpg
2026-06-02T12:11:23.125Z - GET /images/CAC02790.JPG
2026-06-02T12:11:23.127Z - GET /images/abodut-Image.jpg
2026-06-02T12:11:23.131Z - GET /images/album/1779186825303.jpg
2026-06-02T12:11:45.117Z - GET /
2026-06-02T12:11:45.290Z - GET /images/Untitled-2.png
2026-06-02T12:11:45.293Z - GET /images/CAC03949.jpg
2026-06-02T12:11:45.304Z - GET /images/CAC02790.JPG
2026-06-02T12:11:45.307Z - GET /images/abodut-Image.jpg
2026-06-02T12:11:45.313Z - GET /images/album/1779186825303.jpg
2026-06-02T12:12:04.265Z - GET /album
2026-06-02T12:12:04.317Z - GET /images/Untitled-2.png
2026-06-02T12:12:04.326Z - GET /images/album/1779186825303.jpg
2026-06-02T12:12:07.473Z - GET /
2026-06-02T12:12:07.548Z - GET /images/Untitled-2.png
2026-06-02T12:12:07.552Z - GET /images/CAC03949.jpg
2026-06-02T12:12:07.566Z - GET /images/CAC02790.JPG
2026-06-02T12:12:07.569Z - GET /images/abodut-Image.jpg
2026-06-02T12:12:07.571Z - GET /images/album/1779186825303.jpg
2026-06-02T12:13:28.441Z - GET /
2026-06-02T12:13:28.506Z - GET /images/Untitled-2.png
2026-06-02T12:13:28.508Z - GET /images/CAC03949.jpg
2026-06-02T12:13:28.562Z - GET /images/CAC02790.JPG
2026-06-02T12:13:28.565Z - GET /images/abodut-Image.jpg
2026-06-02T12:13:28.569Z - GET /images/album/1779186825303.jpg
2026-06-02T12:14:48.652Z - GET /
2026-06-02T12:14:48.722Z - GET /images/Untitled-2.png
2026-06-02T12:14:48.726Z - GET /images/CAC03949.jpg
2026-06-02T12:14:48.750Z - GET /images/CAC02790.JPG
2026-06-02T12:14:48.753Z - GET /images/abodut-Image.jpg
2026-06-02T12:14:48.755Z - GET /images/album/1779186825303.jpg
2026-06-02T12:15:07.129Z - GET /
2026-06-02T12:15:07.217Z - GET /images/Untitled-2.png
2026-06-02T12:15:07.224Z - GET /images/CAC03949.jpg
2026-06-02T12:15:07.236Z - GET /images/CAC02790.JPG
2026-06-02T12:15:07.239Z - GET /images/abodut-Image.jpg
2026-06-02T12:15:07.243Z - GET /images/album/1779186825303.jpg
2026-06-02T12:15:49.110Z - GET /
2026-06-02T12:15:49.318Z - GET /images/Untitled-2.png
2026-06-02T12:15:49.329Z - GET /images/CAC03949.jpg
2026-06-02T12:15:49.354Z - GET /images/CAC02790.JPG
2026-06-02T12:15:49.361Z - GET /images/abodut-Image.jpg
2026-06-02T12:15:49.366Z - GET /images/album/1779186825303.jpg
2026-06-02T12:16:39.794Z - GET /
2026-06-02T12:16:39.871Z - GET /images/Untitled-2.png
2026-06-02T12:16:39.879Z - GET /images/CAC03949.jpg
2026-06-02T12:16:39.894Z - GET /images/CAC02790.JPG
2026-06-02T12:16:39.896Z - GET /images/abodut-Image.jpg
2026-06-02T12:16:39.901Z - GET /images/album/1779186825303.jpg
2026-06-02T12:16:50.908Z - GET /
2026-06-02T12:16:51.035Z - GET /images/Untitled-2.png
2026-06-02T12:16:51.043Z - GET /images/CAC03949.jpg
2026-06-02T12:16:51.071Z - GET /images/CAC02790.JPG
2026-06-02T12:16:51.075Z - GET /images/abodut-Image.jpg
2026-06-02T12:16:51.080Z - GET /images/album/1779186825303.jpg
2026-06-02T12:17:20.345Z - GET /
2026-06-02T12:17:20.412Z - GET /images/Untitled-2.png
2026-06-02T12:17:20.415Z - GET /images/CAC03949.jpg
2026-06-02T12:17:20.449Z - GET /images/CAC02790.JPG
2026-06-02T12:17:20.455Z - GET /images/abodut-Image.jpg
2026-06-02T12:17:20.457Z - GET /images/album/1779186825303.jpg
2026-06-02T12:17:29.513Z - GET /
2026-06-02T12:17:29.646Z - GET /images/Untitled-2.png
2026-06-02T12:17:29.649Z - GET /images/CAC03949.jpg
2026-06-02T12:17:29.673Z - GET /images/CAC02790.JPG
2026-06-02T12:17:29.677Z - GET /images/abodut-Image.jpg
2026-06-02T12:17:29.680Z - GET /images/album/1779186825303.jpg
2026-06-02T12:17:43.946Z - GET /login
2026-06-02T12:17:44.010Z - GET /images/CAC03949.jpg
2026-06-02T12:17:54.057Z - POST /login
2026-06-02T12:17:54.150Z - GET /images/CAC03949.jpg
2026-06-02T12:18:08.366Z - POST /login
2026-06-02T12:18:08.383Z - GET /admin
2026-06-02T12:18:08.581Z - GET /images/Untitled-2.png
2026-06-02T12:18:13.954Z - GET /admin/users
2026-06-02T12:18:14.005Z - GET /images/Untitled-2.png
2026-06-02T12:18:15.763Z - GET /admin/reading-corner
2026-06-02T12:18:15.824Z - GET /images/Untitled-2.png
2026-06-02T12:18:24.906Z - POST /admin/reading-corner/delete/6a0c5ce3d5b76583b139314d
2026-06-02T12:18:24.942Z - GET /admin/reading-corner
2026-06-02T12:18:25.011Z - GET /images/Untitled-2.png
2026-06-02T12:18:44.905Z - GET /admin/messages
2026-06-02T12:18:44.949Z - GET /images/Untitled-2.png
2026-06-02T12:18:48.632Z - POST /admin/messages/delete/6a0c5c72d5b76583b139314c
2026-06-02T12:18:48.657Z - GET /admin/messages
2026-06-02T12:18:48.700Z - GET /images/Untitled-2.png
2026-06-02T12:18:51.371Z - POST /admin/messages/delete/6a086a7232b8649155ca74ca
2026-06-02T12:18:51.379Z - GET /admin/messages
2026-06-02T12:18:51.424Z - GET /images/Untitled-2.png
2026-06-02T12:18:53.681Z - POST /admin/messages/delete/6a0858a532b8649155ca74c8
2026-06-02T12:18:53.692Z - GET /admin/messages
2026-06-02T12:18:53.740Z - GET /images/Untitled-2.png
2026-06-02T12:18:55.364Z - GET /admin/enrollments
2026-06-02T12:18:55.407Z - GET /images/Untitled-2.png
2026-06-02T12:18:58.518Z - POST /admin/enrollments/delete/6a0c5c60d5b76583b139314b
2026-06-02T12:18:58.547Z - GET /admin/enrollments
2026-06-02T12:18:58.594Z - GET /images/Untitled-2.png
2026-06-02T12:19:01.276Z - POST /admin/enrollments/delete/6a080f7782551f70789ef5f5
2026-06-02T12:19:01.288Z - GET /admin/enrollments
2026-06-02T12:19:01.336Z - GET /images/Untitled-2.png
2026-06-02T12:19:04.588Z - GET /admin/videos
2026-06-02T12:19:04.629Z - GET /images/Untitled-2.png
2026-06-02T12:19:12.405Z - GET /logout
2026-06-02T12:19:12.414Z - GET /
2026-06-02T12:19:12.482Z - GET /images/Untitled-2.png
2026-06-02T12:19:12.494Z - GET /images/CAC03949.jpg
2026-06-02T12:19:12.500Z - GET /images/CAC02790.JPG
2026-06-02T12:19:12.505Z - GET /images/abodut-Image.jpg
2026-06-02T12:19:12.508Z - GET /images/album/1779186825303.jpg
2026-06-02T12:19:37.519Z - GET /reading-corner
2026-06-02T12:19:37.578Z - GET /images/Untitled-2.png
2026-06-02T12:19:59.909Z - GET /
2026-06-02T12:19:59.975Z - GET /images/Untitled-2.png
2026-06-02T12:19:59.977Z - GET /images/CAC03949.jpg
2026-06-02T12:19:59.994Z - GET /images/CAC02790.JPG
2026-06-02T12:19:59.997Z - GET /images/abodut-Image.jpg
2026-06-02T12:20:00.003Z - GET /images/album/1779186825303.jpg
2026-06-02T12:37:23.210Z - GET /
2026-06-02T12:37:23.304Z - GET /images/CAC03949.jpg
2026-06-02T12:37:23.307Z - GET /images/Untitled-2.png
2026-06-02T12:37:23.341Z - GET /images/CAC02790.JPG
2026-06-02T12:37:23.354Z - GET /images/abodut-Image.jpg
2026-06-02T12:37:23.396Z - GET /images/album/1779186825303.jpg
2026-06-02T12:42:35.338Z - GET /reading-corner
2026-06-02T12:42:35.388Z - GET /images/Untitled-2.png
2026-06-02T12:53:58.458Z - GET /
2026-06-02T12:53:58.530Z - GET /images/Untitled-2.png
2026-06-02T12:53:58.532Z - GET /images/CAC03949.jpg
2026-06-02T12:53:58.572Z - GET /images/CAC02790.JPG
2026-06-02T12:53:58.579Z - GET /images/abodut-Image.jpg
2026-06-02T12:53:58.660Z - GET /images/album/1779186825303.jpg
2026-06-02T12:54:11.049Z - GET /favicon.ico
2026-06-04T01:32:09.466Z - GET /
2026-06-04T01:32:10.441Z - GET /images/CAC03949.jpg
2026-06-04T01:32:10.459Z - GET /images/Untitled-2.png
2026-06-04T01:32:10.600Z - GET /images/CAC02790.JPG
2026-06-04T01:32:10.659Z - GET /images/abodut-Image.jpg
2026-06-04T01:32:10.713Z - GET /images/album/1779186825303.jpg
2026-06-04T01:32:20.670Z - GET /favicon.ico
2026-06-04T01:32:44.390Z - GET /reading-corner
2026-06-04T01:32:45.202Z - GET /images/Untitled-2.png
2026-06-04T01:33:35.506Z - GET /album
2026-06-04T01:33:35.600Z - GET /images/Untitled-2.png
2026-06-04T01:33:35.602Z - GET /images/album/1779186825303.jpg
2026-06-04T01:45:47.093Z - GET /
2026-06-04T01:45:47.368Z - GET /images/Untitled-2.png
2026-06-04T01:45:47.371Z - GET /images/CAC03949.jpg
2026-06-04T01:45:47.417Z - GET /images/CAC02790.JPG
2026-06-04T01:45:47.630Z - GET /images/abodut-Image.jpg
2026-06-04T01:45:47.641Z - GET /images/album/1779186825303.jpg
2026-06-04T02:00:37.487Z - GET /admin
2026-06-04T02:00:37.529Z - GET /login
2026-06-04T02:00:37.599Z - GET /images/CAC03949.jpg
2026-06-04T02:00:49.424Z - POST /login
2026-06-04T02:00:49.449Z - GET /admin
2026-06-04T02:00:49.749Z - GET /images/Untitled-2.png
2026-06-04T02:05:11.710Z - GET /
2026-06-04T02:05:12.060Z - GET /images/Untitled-2.png
2026-06-04T02:05:12.064Z - GET /images/CAC03949.jpg
2026-06-04T02:05:12.138Z - GET /images/CAC02790.JPG
2026-06-04T02:05:12.160Z - GET /images/abodut-Image.jpg
2026-06-04T02:05:12.356Z - GET /images/album/1779186825303.jpg
2026-06-04T02:05:17.835Z - GET /admin
2026-06-04T02:05:19.667Z - GET /admin
2026-06-04T02:12:51.247Z - GET /
2026-06-04T02:12:51.348Z - GET /images/Untitled-2.png
2026-06-04T02:12:51.352Z - GET /images/CAC03949.jpg
2026-06-04T02:12:51.415Z - GET /images/CAC02790.JPG
2026-06-04T02:12:51.420Z - GET /images/abodut-Image.jpg
2026-06-04T02:12:51.511Z - GET /images/album/1779186825303.jpg
2026-06-04T02:29:44.327Z - GET /
2026-06-04T02:29:44.482Z - GET /images/Untitled-2.png
2026-06-04T02:29:44.484Z - GET /images/CAC03949.jpg
2026-06-04T02:29:44.538Z - GET /images/CAC02790.JPG
2026-06-04T02:29:44.545Z - GET /images/abodut-Image.jpg
2026-06-04T02:29:44.676Z - GET /images/album/1779186825303.jpg
2026-06-04T02:31:21.728Z - GET /
2026-06-04T02:32:14.439Z - GET /
2026-06-04T02:32:14.440Z - GET /donate
2026-06-04T02:32:14.442Z - GET /album
2026-06-04T02:32:34.151Z - GET /donate
2026-06-04T03:27:22.809Z - GET /
2026-06-04T03:27:23.134Z - GET /images/Untitled-2.png
2026-06-04T03:27:23.138Z - GET /images/CAC03949.jpg
2026-06-04T03:27:23.199Z - GET /images/CAC02790.JPG
2026-06-04T03:27:23.217Z - GET /images/abodut-Image.jpg
2026-06-04T03:27:23.352Z - GET /images/album/1779186825303.jpg
